[mst_user]
user_id	role	name	SHORT	phone	email	address	status
VDR001	VDR	 IHSANUDDIN THOHIR 	ihsan.t	-	-	-	-
VDR002	VDR	 I PUTU GUNARJAYA 	putu.g	-	-	-	-
VDR003	VDR	 HAIKAL 	haikal.haikal	-	-	-	-
VDR004	VDR	 KRISTIN CHANDRA 	kristin.ch	-	-	-	-
VDE001	VDE	 TOMMY SETIAWAN 	tommy.t	-	-	-	-
VDE002	VDE	 DEBI ELSA PUTRA 	d.elsa putra	-	-	-	-
VDE003	VDE	 IRFAN JUANDA 	i.juanda	-	-	-	-
VDE004	VDE	 SUNARWAN 	sunarwan	-	-	-	-
VDE005	VDE	 YULIANSYAH 	yuliansah	-	-	-	-
VDE006	VDE	 FERI RUSDIAN 	f.rusdian	-	-	-	-
VDE007	VDE	 JUNAEDI 	junaedi	-	-	-	-
VDE008	VDE	 MAKSUM 	maksum	-	-	-	-
VDE009	VDE	 MURDANINGRAT 	murda	-	-	-	-
VDE010	VDE	 BRIAN ADHIYOGA 	brian.a	-	-	-	-
VDE011	VDE	 INSAN KAMIL 	i.kamil	-	-	-	-
VDE012	VDE	 JAUHAR ARIFIN 	j.arifin	-	-	-	-
VDE013	VDE	 JULIANDI 	j.juliandi	-	-	-	-
VDE014	VDE	 MOCH. RIZAL RIFA'I 	m.rizal	-	-	-	-
VDE015	VDE	 ALI USMAN  	a.usman 	-	-	-	-
VDE016	VDE	 NUR FITRIAH EKOWATI 	nf.eko	-	-	-	-
VDE017	VDE	 RIYAN ADITHIA 	r.adithia	-	-	-	-
VDE018	VDE	 YULIANSYAH 	y.yul	-	-	-	-
VDE019	VDE	 ADI PRAYOGA 	adi.p	-	-	-	-
VDE020	VDE	 GALUH VERRINDA 	galuh.v	-	-	-	-
VDE021	VDE	 MURWADI 	m.murwadi	-	-	-	-
VDE022	VDE	 VACANT 		-	-	-	-
VDE023	VDE	 ANDREAS ADI WIJAYA 	andreas aw	-	-	-	-
VDE024	VDE	 IRSAN FAIZAL 	i.faizal	-	-	-	-
VDE025	VDE	 JUNIAR MARANDI 	j.marandi	-	-	-	-
VDE026	VDE	 UDHI PRATOMO 	u.pratomo	-	-	-	-
VDE027	VDE	 I PUTRA 	i.putra	-	-	-	-
VDE028	VDE	 NOVAN WIDODO 	n.widodo	-	-	-	-
VDE029	VDE	 ZULZIMAIDI 	zulzimaidi	-	-	-	-
VDE030	VDE	 ADMAJA 	admaja	-	-	-	-
VDE031	VDE	 DEBBY RAHMAT, SE 	debby.r	-	-	-	-
VDE032	VDE	 MUH.ABBAS HR 	m.abbas	-	-	-	-
VDE033	VDE	 NUR ALAM 	nur.a	-	-	-	-
VDE034	VDE	 RIKO LAINSAMPUTTY 	riko.r	-	-	-	-
VDE035	VDE	 LENDY LATIF 	lendy.l	-	-	-	-
VDE036	VDE	 ANDIKA AL RAMADHAN 	andika.ar	-	-	-	-
VDE037	VDE	 YUSUF SYAHARA 	yusuf.s	-	-	-	-
VDE038	VDE	 FEBIE ANANDRI 	febie.a	-	-	-	-
VDE039	VDE	 IFAN  	ifan	-	-	-	-
VDE040	VDE	 MOCH. EKA WAHYUDI EFENDI 	m.eka	-	-	-	-
VDE041	VDE	 SATRIYO 	satriyo.s	-	-	-	-
VDE042	VDE	 SEPTO HELINTAR 	septo.h	-	-	-	-
VDE043	VDE	 SYAMSU RIZAL 	s.rizal	-	-	-	-
VDE044	VDE	 BAYU PRADANDI PUTRO 	bayu.p	-	-	-	-
VDE045	VDE	 BOBY AMRI 	b.amri	-	-	-	-
VDE046	VDE	 CHARLES TRI H 	charles.tri	-	-	-	-
VDE047	VDE	 LATIFUL AMIN 	l.amin	-	-	-	-
VDE048	VDE	 MOCHAMMAD RIDWAN S 	m.ridwan	-	-	-	-
VDE049	VDE	 WELI FIRMANSYAH 	weli.f	-	-	-	-
VDE050	VDE	 ADHI PRADANA WICAKSANA 	adhi.p	-	-	-	-
VDE051	VDE	 AGUS HARI PAMUNGKAS SE 	agus.hari	-	-	-	-
VDE052	VDE	 AHMAD CAESAR FUADI  	ahmad.caesar	-	-	-	-
VDE053	VDE	 ANDRIANTO 	a.andri	-	-	-	-
VDE054	VDE	 SUHARSO 	s.suharso	-	-	-	-
VDE055	VDE	 ARIE MOHAMAD KURNIAWAN 	arie.mk	-	-	-	-
VDE056	VDE	 AZAHARI  	azhari	-	-	-	-
VDE057	VDE	 ENTIS SUTISNA 	e.sutisna	-	-	-	-
VDE058	VDE	 GALIH RENGGAYUDHA 	galih.r	-	-	-	-
VDE059	VDE	 HAMZAH FIRDAUS 	hamzah.f	-	-	-	-
VDE060	VDE	 MUHAMMAD YUSUF 	m.yusuf	-	-	-	-
VDE061	VDE	 NENDI PAMUNGKAS 	n.pamungkas	-	-	-	-
VDE062	VDE	 NURMANSYAH 	nurmansyah	-	-	-	-
VDE063	VDE	 RAMA ARI SAPUTRA 	rama.ari	-	-	-	-
VDE064	VDE	 ANDIKA SYAHARY 	andika.s	-	-	-	-
VDE065	VDE	 DANANG EKO PRASETYO, SE 	danang.e	-	-	-	-
VDE066	VDE	 MUHAMMAD FATAHILLAH 	m.fatahillah	-	-	-	-
VDE067	VDE	 VIVIN ANDRYAN DAYA 	vivin.a	-	-	-	-
VDE068	VDE	 MUHAMMAD IQBAL HAMIDI 	m.hamidi	-	-	-	-
VDE069	VDE	 ADITYA RAMELAN 	aditya.r	-	-	-	-
VDE070	VDE	 DIDI YUDAPRANA 	didi.y	-	-	-	-
VDE071	VDE	 HADI SYAHPUTRA 	hadi.s	-	-	-	-
VDE072	VDE	 IRFAN 	irfan	-	-	-	-
VDE073	VDE	 MUHAMMAD SYAHBI SITEPU 	m.syahbi	-	-	-	-
VDE074	VDE	 RAHMAD DARMAWAN 	r.darmawan	-	-	-	-
VDE075	VDE	 M. DAVID SYOFYAN 	m.david	-	-	-	-
VDE076	VDE	 MUHAMMAD EKA PUTRA WIBOWO 	m.wibowo	-	-	-	-
VDO001	VDO	PITOYO	pitoyo.s	-	-	-	-
VDO002	VDO	 ENOLSON TANDI PANGA 	enoloson.t	-	-	-	-
VDO003	VDO	MARGARETH CHOU	m.chou	-	-	-	-
VDO004	VDO	 DINO 	dino.dino	-	-	-	-
VDO005	VDO	 ISKANDAR 	iskandar.z	-	-	-	-
VDO006	VDO	 HIDAYATUS SIBIAN 	hidayatus.s	-	-	-	-
VDO007	VDO	 YUDHIANSYAH 	yudhi.putra	-	-	-	-
VDO008	VDO	 KRISTIN CHANDRA 	kristin.ch	-	-	-	-
VDO009	VDO	ERNY YULIARITY	erni.y	-	-	-	-
VDO010	VDO	M. RIZKY JUANDA	rizky.m	-	-	-	-

[mst_site_group]
id	name
1	BEST DENKI
2	CARREFOUR
3	COURTS
4	ELECTRONIC CITY
5	ELECTRONIC SOLUTION
6	GIANT
7	HYPERMART
8	LOTTE MART
9	NO
10	WHITE BROWN

[mst_tier_sites]
id	name
1	HYPERMARKET TIER 1
2	HYPERMARKET TIER 2
3	NON CATEGORY
4	SBS
5	SPC
6	SPECIALIST TIER 1
7	SPECIALIST TIER 2
8	SSP
9	TRADITIONAL

[mst_branch_sites]
id	name
1	BALI
2	BANDUNG
3	BANJARMASIN
4	BATAM
5	JAKARTA CENTRAL
6	JAKARTA EAST
7	JAKARTA KAM
8	JAKARTA WEST
9	JAMBI
10	MAKASSAR
11	MANADO
12	MEDAN
13	PALEMBANG
14	PEKAN BARU
15	PONTIANAK
16	SAMARINDA
17	SEMARANG
18	SURABAYA
19	YOGYAKARTA

[mst_region]
id	name
1	CENTRAL
2	EAST
3	JAKARTA
4	WEST

[mst_site]
id	name	address	phone	id_mst_group_sites	id_mst_tier_sites	id_mst_branch_sites	id_mst_region_site
C002882554	WINNJAYA	Address of WINNJAYA	null	9	9	12	4
C012240726	HYPER MART BEKASI TRADE CENTER	Address of HYPER MART BEKASI TRADE CENTER	null	7	3	7	3
C012040730	UFO JIMBARAN	Address of UFO JIMBARAN	null	9	9	1	2
C003710898	SAMI JAYA ELEKTRONIK( IND )	Address of SAMI JAYA ELEKTRONIK( IND )	null	9	3	18	2
C000077042	MULTI WAHANA AIRC0ND	Address of MULTI WAHANA AIRC0ND	null	9	3	8	3
C000059308	 CINTA KARUNIA SEJATI 	Address of  CINTA KARUNIA SEJATI 	null	9	9	16	1
C012390729	 HYPER MART BAU BAU 	Address of  HYPER MART BAU BAU 	null	7	2	10	2
C011740696	 ADA PATI 	Address of  ADA PATI 	null	9	3	17	1
C011740695	 PELITA MANDIRI 	Address of  PELITA MANDIRI 	null	9	3	17	1
C011740694	 PUSAT JUWANA 	Address of  PUSAT JUWANA 	null	9	3	17	1
C011640713	 WHITE BROWN ELECTRONICS TASIK 	Address of  WHITE BROWN ELECTRONICS TASIK 	null	10	3	2	1
C011600745	 HYPER MART BIG MALL 	Address of  HYPER MART BIG MALL 	null	7	3	16	1
C011470995	 PRIMA ELEKTRONIK  	Address of  PRIMA ELEKTRONIK  	null	9	3	18	2
C011420731	 HYPER MART TECHNO KARAWANG 	Address of  HYPER MART TECHNO KARAWANG 	null	7	3	7	3
C011190690	 WHITE BROWN ELECTRONICS PETTARANI 	Address of  WHITE BROWN ELECTRONICS PETTARANI 	null	10	7	10	2
C010900695	 BEST PRICE 	Address of  BEST PRICE 	null	9	9	5	3
C010820800	 BEST DENKI GRAND METROPOLITAN BEKASI 	Address of  BEST DENKI GRAND METROPOLITAN BEKASI 	null	1	7	7	3
C010441460	 C0URTS HARAPAN INDAH 	Address of  C0URTS HARAPAN INDAH 	null	3	7	7	3
C010441459	 GIANT EKSTRA DRAMAGA BOGOR 	Address of  GIANT EKSTRA DRAMAGA BOGOR 	null	6	2	7	3
C009760692	 ELECTRONIC SOLUTION BINJAI 	Address of  ELECTRONIC SOLUTION BINJAI 	null	5	7	12	4
C009620832	 CARREFOUR TRANSMART CIMAHI 	Address of  CARREFOUR TRANSMART CIMAHI 	null	2	2	2	1
C009620831	 JAWI SQUARE ELEKTRONIK 	Address of  JAWI SQUARE ELEKTRONIK 	null	9	9	15	1
C009620830	 GLAEN TANJUNG RAYA 	Address of  GLAEN TANJUNG RAYA 	null	9	9	15	1
C009550708	 FOODMART SAMARINDA 	Address of  FOODMART SAMARINDA 	null	7	2	16	1
C009350759	 SINAR MAKMUR 	Address of  SINAR MAKMUR 	null	9	9	15	1
C009350697	 PT.SINAR TERANG BERSAUDARA 	Address of  PT.SINAR TERANG BERSAUDARA 	null	9	9	16	1
C009320690	 CARREFOUR PALU 	Address of  CARREFOUR PALU 	null	2	2	10	2
C009310725	 BRANDSHOP SAMSUNG MUARA KARANG 	Address of  BRANDSHOP SAMSUNG MUARA KARANG 	null	9	9	5	3
C009310724	 MITRA ELECTRONIC - GORONTALO 	Address of  MITRA ELECTRONIC - GORONTALO 	null	9	9	11	2
C008990692	 UFO GIANYAR 	Address of  UFO GIANYAR 	null	9	9	1	2
C008750812	 ELECTRONIC CITY GREEN TERRACE MALL 	Address of  ELECTRONIC CITY GREEN TERRACE MALL 	null	4	7	7	3
C008620738	 ELECTRONIC SOLUTION BANJARMASIN 	Address of  ELECTRONIC SOLUTION BANJARMASIN 	null	5	7	3	1
C008590700	 CARREFOUR EX MALL KALIMALANG 	Address of  CARREFOUR EX MALL KALIMALANG 	null	2	2	7	3
C008410695	 BEST DENKI BINTARO EXCHANGE 	Address of  BEST DENKI BINTARO EXCHANGE 	null	1	7	7	3
C008250691	 ELECTRONIC CITY TAMAN RAJA LOMBOK 	Address of  ELECTRONIC CITY TAMAN RAJA LOMBOK 	null	4	7	1	2
C008200946	 POS ELEKTRONIK 	Address of  POS ELEKTRONIK 	null	9	9	3	1
C008200945	 TOKO SATELIT 	Address of  TOKO SATELIT 	null	9	9	3	1
C008110804	 WHITE BROWN ELECTRONICS LIVING WORLD ALAM SUTRA 	Address of  WHITE BROWN ELECTRONICS LIVING WORLD ALAM SUTRA 	null	10	7	7	3
C008030690	 HYPER MART ST.MORITZ 	Address of  HYPER MART ST.MORITZ 	null	7	2	7	3
C007990832	 JAYA ELEKTRONIK 	Address of  JAYA ELEKTRONIK 	null	9	3	12	4
C007990831	 TOKO CITRA 	Address of  TOKO CITRA 	null	9	9	2	1
C007990830	 AMAZONE LESTARI 	Address of  AMAZONE LESTARI 	null	9	9	2	1
C007950763	 ELECTRONIC CITY PALEMBANG IC0N 	Address of  ELECTRONIC CITY PALEMBANG IC0N 	null	4	7	13	4
C007850690	 MAJU HARDWARE 	Address of  MAJU HARDWARE 	null	9	9	18	2
C007710769	 AGIS PURI MANSION 	Address of  AGIS PURI MANSION 	null	9	9	5	3
C007710768	 BEST DENKI CITRAGRAND 	Address of  BEST DENKI CITRAGRAND 	null	1	7	7	3
C007710696	 LOTTE MART CIMONE 	Address of  LOTTE MART CIMONE 	null	8	2	7	3
C007710695	 ELECTRONIC SOLUTION CIKAMPEK 	Address of  ELECTRONIC SOLUTION CIKAMPEK 	null	5	7	2	1
C007580739	 ELECTRONIC CITY JCM YOGYAKARTA 	Address of  ELECTRONIC CITY JCM YOGYAKARTA 	null	4	7	19	1
C007580738	 ELECTRONIC CITY ARTOS MAGELANG 	Address of  ELECTRONIC CITY ARTOS MAGELANG 	null	4	7	19	1
C007531093	 WHITE BROWN ELECTRONICS DAGO PLAZA 	Address of  WHITE BROWN ELECTRONICS DAGO PLAZA 	null	10	7	2	1
C007531092	 HYPER MART SAMPIT 	Address of  HYPER MART SAMPIT 	null	7	2	3	1
C007440766	 CV. BINA KARYA SARANA BANGUN DC 	Address of  CV. BINA KARYA SARANA BANGUN DC 	null	9	9	11	2
C007440750	 NEW SUMBER MAS 	Address of  NEW SUMBER MAS 	null	9	9	1	2
C007440747	 HYPER MART KAIRAGI 	Address of  HYPER MART KAIRAGI 	null	7	2	11	2
C007360701	 CARREFOUR TANGERANG CENTER 	Address of  CARREFOUR TANGERANG CENTER 	null	2	2	7	3
C007340790	 WHITE BROWN ELECTRONICS BINJAI 	Address of  WHITE BROWN ELECTRONICS BINJAI 	null	10	7	12	4
C007340724	 CARREFOUR SUNTER 	Address of  CARREFOUR SUNTER 	null	2	2	7	3
C007230712	 GIANT JATIMAKMUR 	Address of  GIANT JATIMAKMUR 	null	6	2	7	3
C006810694	 ILUVA - LAMPUNG 	Address of  ILUVA - LAMPUNG 	null	9	9	8	3
C006660703	 ELECTRONIC SOLUTION GORONTALO 	Address of  ELECTRONIC SOLUTION GORONTALO 	null	5	7	11	2
C006510718	 LOG IN MEGASTORE CIREBON 	Address of  LOG IN MEGASTORE CIREBON 	null	9	9	2	1
C006291958	 NEW RUDI JAYA 	Address of  NEW RUDI JAYA 	null	9	9	10	2
C006291954	 ELECTRONIC SOLUTION BEKASI CYBERPARK 	Address of  ELECTRONIC SOLUTION BEKASI CYBERPARK 	null	5	7	7	3
C006291953	 ELECTRONIC SOLUTION CIBINONG 	Address of  ELECTRONIC SOLUTION CIBINONG 	null	5	7	5	3
C006270691	 TOKO MEGATAMA ELEKTRONICS 	Address of  TOKO MEGATAMA ELEKTRONICS 	null	9	9	9	4
C006270690	 TIGA PENDEKAR 	Address of  TIGA PENDEKAR 	null	9	9	8	3
C006110739	 TOKO TAMBELAN 	Address of  TOKO TAMBELAN 	null	9	9	4	4
C006110738	 GIANT PASAR KAMIS 	Address of  GIANT PASAR KAMIS 	null	6	2	7	3
C006020711	 HYPER MART TANJUNG BALAI 	Address of  HYPER MART TANJUNG BALAI 	null	7	2	12	4
C006020710	 ELECTRONIC SOLUTION MILLENIUM 	Address of  ELECTRONIC SOLUTION MILLENIUM 	null	5	7	12	4
C005990696	 ELECTRONIC CITY PONOROGO 	Address of  ELECTRONIC CITY PONOROGO 	null	4	7	18	2
C005990695	 ARTOMORO CELLULAR 	Address of  ARTOMORO CELLULAR 	null	9	9	18	2
C005990694	 SINAR ELEKTRONIK - SURABAYA 	Address of  SINAR ELEKTRONIK - SURABAYA 	null	9	3	18	2
C005990690	 BRANDSHOP TASIK 	Address of  BRANDSHOP TASIK 	null	9	4	2	1
C005970714	 ELECTRONIC CITY CIPINANG 	Address of  ELECTRONIC CITY CIPINANG 	null	4	7	7	3
C005970709	 TOKO  JAKARTA BALIKPAPAN 	Address of  TOKO  JAKARTA BALIKPAPAN 	null	9	9	16	1
C005970708	 TOKO ATLANTA - AMBON 	Address of  TOKO ATLANTA - AMBON 	null	9	9	10	2
C005930802	 SINAR BERLIAN 	Address of  SINAR BERLIAN 	null	9	9	9	4
C005930799	 GLOBAL ELEKTRONICS 	Address of  GLOBAL ELEKTRONICS 	null	9	9	9	4
C005930798	 AUDIO ELEKTRONICS 	Address of  AUDIO ELEKTRONICS 	null	9	9	9	4
C005830770	 NEW KENY HOME 	Address of  NEW KENY HOME 	null	9	9	4	4
C005810706	 WHITE BROWN ELECTRONICS BOGOR 	Address of  WHITE BROWN ELECTRONICS BOGOR 	null	10	7	5	3
C005730726	 ELECTRONIC CITY KENDARI 	Address of  ELECTRONIC CITY KENDARI 	null	4	7	10	2
C005730712	 ELECTRONIC CITY BATAM NAGOYA 	Address of  ELECTRONIC CITY BATAM NAGOYA 	null	4	7	4	4
C005711561	 ELECTRONIC CITY PEKALONGAN 	Address of  ELECTRONIC CITY PEKALONGAN 	null	4	7	17	1
C005540695	 GIANT ALYA SAMARINDA 	Address of  GIANT ALYA SAMARINDA 	null	6	2	16	1
C005540694	 TRIOJAYA ELEKTRONIK 	Address of  TRIOJAYA ELEKTRONIK 	null	9	9	13	4
C005450713	 WHITE BROWN ELECTRONICS CIBUBUR PLAZA 	Address of  WHITE BROWN ELECTRONICS CIBUBUR PLAZA 	null	10	7	7	3
C005090704	 HYPER MART URBAN CINERE 	Address of  HYPER MART URBAN CINERE 	null	7	2	7	3
C005090703	 GIANT SENTUL CITY 	Address of  GIANT SENTUL CITY 	null	6	2	5	3
C005030731	 HYPER MART ABEPURA 	Address of  HYPER MART ABEPURA 	null	7	2	10	2
C005030730	 HYPER MART TERNATE 	Address of  HYPER MART TERNATE 	null	7	2	11	2
C005020749	 WHITE BROWN ELECTRONICS CIBINONG 	Address of  WHITE BROWN ELECTRONICS CIBINONG 	null	10	7	5	3
C005000754	 BORNEO ELEKTRO 	Address of  BORNEO ELEKTRO 	null	9	9	15	1
C004991144	 HYPER MART SAPHIRE 	Address of  HYPER MART SAPHIRE 	null	7	2	19	1
C004990724	 ELECTRONIC CITY RUKO TEBET 	Address of  ELECTRONIC CITY RUKO TEBET 	null	4	7	7	3
C004951007	 ELECTRONIC CITY SUPERMAL CIANJUR 	Address of  ELECTRONIC CITY SUPERMAL CIANJUR 	null	4	7	2	1
C004951006	 ELECTRONIC CITY HERMES PLACE MEDAN 	Address of  ELECTRONIC CITY HERMES PLACE MEDAN 	null	4	7	12	4
C004900704	 SUMBER NIAGA 	Address of  SUMBER NIAGA 	null	9	9	3	1
C004880709	 GIANT PALEM SEMI 	Address of  GIANT PALEM SEMI 	null	6	2	7	3
C004860863	 ELECTRONIC CITY SALEMBA MELAWAI 	Address of  ELECTRONIC CITY SALEMBA MELAWAI 	null	4	7	7	3
C004860862	 HYPER MART CENTRAL PEKANBARU 	Address of  HYPER MART CENTRAL PEKANBARU 	null	7	2	14	4
C004860709	 WHITE BROWN ELECTRONICS BAYWALK PLUIT 	Address of  WHITE BROWN ELECTRONICS BAYWALK PLUIT 	null	10	7	7	3
C004860708	 ELECTRONIC SOLUTION WTC SERPONG 	Address of  ELECTRONIC SOLUTION WTC SERPONG 	null	5	7	7	3
C004860707	 ELECTRONIC SOLUTION BAYWALK PLUIT 	Address of  ELECTRONIC SOLUTION BAYWALK PLUIT 	null	5	7	7	3
C004780969	 HYPER MART YOGYA CITY MALL 	Address of  HYPER MART YOGYA CITY MALL 	null	7	2	19	1
C004770973	 BIGGE ELECTRONIC 	Address of  BIGGE ELECTRONIC 	null	9	8	4	4
C004770971	 STAR SERVICE 	Address of  STAR SERVICE 	null	9	9	4	4
C004762834	 JAYA ELECTRONIK 	Address of  JAYA ELECTRONIK 	null	9	9	10	2
C004760825	 ELECTRONIC CITY CILANDAK 	Address of  ELECTRONIC CITY CILANDAK 	null	4	7	7	3
C004740766	 ELECTRONIC SOLUTION CITY OF TOMMOROW (CITO) 	Address of  ELECTRONIC SOLUTION CITY OF TOMMOROW (CITO) 	null	5	7	18	2
C004721276	 ELECTRONIC CITY ALAM SUTERA 	Address of  ELECTRONIC CITY ALAM SUTERA 	null	4	7	7	3
C004720859	 WHITE BROWN ELECTRONICS GANDARIA 	Address of  WHITE BROWN ELECTRONICS GANDARIA 	null	10	7	7	3
C004720858	 ELECTRONIC SOLUTION GRAND GALAXY BEKASI 	Address of  ELECTRONIC SOLUTION GRAND GALAXY BEKASI 	null	5	7	7	3
C004720857	 A8 ELECTRONIC 	Address of  A8 ELECTRONIC 	null	9	3	4	4
C004720856	 AGIS CIPUTAT 	Address of  AGIS CIPUTAT 	null	9	9	5	3
C004720855	 WIJAYA ELECTRONIC 2 	Address of  WIJAYA ELECTRONIC 2 	null	9	9	5	3
C004670693	 LOTTEMART_THEPARK SOLO BARU 	Address of  LOTTEMART_THEPARK SOLO BARU 	null	8	2	19	1
C004670691	 HYPER MART EKA LOKASARI MALL 	Address of  HYPER MART EKA LOKASARI MALL 	null	7	2	5	3
C004650699	 CARREFOUR CIBINONG CITY MALL 	Address of  CARREFOUR CIBINONG CITY MALL 	null	2	2	5	3
C004570749	 GRIYA ELEKTRONIK 	Address of  GRIYA ELEKTRONIK 	null	9	9	16	1
C004570748	 MAHAKAM 	Address of  MAHAKAM 	null	9	9	16	1
C004562084	 ELECTRONIC SOLUTION GRAND MALL 	Address of  ELECTRONIC SOLUTION GRAND MALL 	null	5	7	7	3
C004562054	 TOKO SEMPURNA 	Address of  TOKO SEMPURNA 	null	9	9	6	3
C004520740	 HYPER MART PONOROGO 	Address of  HYPER MART PONOROGO 	null	7	2	18	2
C004511209	 CARREFOUR DEWI SARTIKA - DEPOK 	Address of  CARREFOUR DEWI SARTIKA - DEPOK 	null	2	2	7	3
C004511208	 CARREFOUR MAGUWOHARJO YOGYAKARTA 	Address of  CARREFOUR MAGUWOHARJO YOGYAKARTA 	null	2	3	19	1
C004510858	 DIPONEGORO 	Address of  DIPONEGORO 	null	9	9	17	1
C004500738	 ELECTRONIC CITY TANJUNG KARANG 	Address of  ELECTRONIC CITY TANJUNG KARANG 	null	4	7	8	3
C004500737	 ELECTRONIC CITY JABABEKA 	Address of  ELECTRONIC CITY JABABEKA 	null	4	7	7	3
C004461652	 STAR KITCHEN 	Address of  STAR KITCHEN 	null	9	8	10	2
C004461642	 HYPER MART BANGKA TENGAH 	Address of  HYPER MART BANGKA TENGAH 	null	7	2	13	4
C004461641	 GIANT PALEMBANG 	Address of  GIANT PALEMBANG 	null	6	2	13	4
C004461640	 TOKO MEGARIA ELECTRONIC 	Address of  TOKO MEGARIA ELECTRONIC 	null	9	9	13	4
C004461322	 ELECTRONIC CITY MATAHARI MALL 	Address of  ELECTRONIC CITY MATAHARI MALL 	null	4	7	15	1
C004461321	 ELECTRONIC CITY AHMAD YANI 	Address of  ELECTRONIC CITY AHMAD YANI 	null	4	7	15	1
C004400695	 ELECTRONIC CITY AMPERA 	Address of  ELECTRONIC CITY AMPERA 	null	4	7	7	3
C004400694	 ELECTRONIC CITY RUKO KALIBATA 	Address of  ELECTRONIC CITY RUKO KALIBATA 	null	4	7	7	3
C004390693	 HYPER MART PANGKALANBUN 	Address of  HYPER MART PANGKALANBUN 	null	7	2	3	1
C004342633	 CARREFOUR TAMALANREA 	Address of  CARREFOUR TAMALANREA 	null	2	2	10	2
C004330767	 BASKO FOODMARK 	Address of  BASKO FOODMARK 	null	7	2	12	4
C004313154	 HYPER MART PALU 	Address of  HYPER MART PALU 	null	7	2	10	2
C004310791	 UFO PALANGKARAYA 	Address of  UFO PALANGKARAYA 	null	9	8	3	1
C004250946	 KENY HOME 	Address of  KENY HOME 	null	9	8	4	4
C004250945	 KOLOMBO 	Address of  KOLOMBO 	null	9	8	4	4
C004250944	 SURYA JAYA 	Address of  SURYA JAYA 	null	9	9	4	4
C004220695	 HYPER MART MATARAM 	Address of  HYPER MART MATARAM 	null	7	2	1	2
C004220694	 WHITE BROWN ELECTRONICS DEPOK 	Address of  WHITE BROWN ELECTRONICS DEPOK 	null	10	7	7	3
C004220693	 ELECTRONIC SOLUTION CIMANGGIS 	Address of  ELECTRONIC SOLUTION CIMANGGIS 	null	5	7	7	3
C004090816	 ELECTRONIC CITY RUKO KELAPA GADING 	Address of  ELECTRONIC CITY RUKO KELAPA GADING 	null	4	7	7	3
C004090815	 ELECTRONIC CITY CIKARANG 	Address of  ELECTRONIC CITY CIKARANG 	null	4	7	7	3
C004090809	 BEST DENKI SUMMAREC0N BEKASI 	Address of  BEST DENKI SUMMAREC0N BEKASI 	null	1	7	7	3
C004090806	 SINAR INDAH ELEKTRONIK 	Address of  SINAR INDAH ELEKTRONIK 	null	9	9	5	3
C004011290	 NUANSA MATOS 	Address of  NUANSA MATOS 	null	9	5	16	1
C004000732	 HYPER MART TEGAL 	Address of  HYPER MART TEGAL 	null	7	2	17	1
C004000731	 ELECTRONIC CITY RAWAMANGUN 	Address of  ELECTRONIC CITY RAWAMANGUN 	null	4	7	7	3
C003990799	 HYPER MART SIANTAR 	Address of  HYPER MART SIANTAR 	null	7	2	12	4
C003990798	 LOTTE MART CENTER POINT 	Address of  LOTTE MART CENTER POINT 	null	8	2	12	4
C003971447	 C0LUMBUS TARAKAN 2 	Address of  C0LUMBUS TARAKAN 2 	null	9	3	16	1
C003970911	 CARREFOUR CIPINANG 	Address of  CARREFOUR CIPINANG 	null	2	2	7	3
C003970850	 NEW CANDI ELECTRONIC 	Address of  NEW CANDI ELECTRONIC 	null	9	5	19	1
C003951050	 PERDANA JAYA BOTANIA 	Address of  PERDANA JAYA BOTANIA 	null	9	9	4	4
C003951048	 DYNASTY ELECTRONIC 	Address of  DYNASTY ELECTRONIC 	null	9	9	4	4
C003951047	 ELECTRONIC SOLUTION BCS 	Address of  ELECTRONIC SOLUTION BCS 	null	5	7	4	4
C003951046	 ELECTRONIC SOLUTION KEPRI MALL 	Address of  ELECTRONIC SOLUTION KEPRI MALL 	null	5	7	4	4
C003950940	 GIANT CIMONE 	Address of  GIANT CIMONE 	null	6	2	7	3
C003950939	 HYPER MART IC0N 	Address of  HYPER MART IC0N 	null	7	2	1	2
C003931072	 ELECTRONIC CITY SUNTER 	Address of  ELECTRONIC CITY SUNTER 	null	4	7	7	3
C003931071	 ELECTRONIC CITY CIPUTAT 	Address of  ELECTRONIC CITY CIPUTAT 	null	4	7	7	3
C003931070	 ELECTRONIC CITY PEJATEN 	Address of  ELECTRONIC CITY PEJATEN 	null	4	7	7	3
C003930956	 BEST DENKI LOTTE AVENUE 	Address of  BEST DENKI LOTTE AVENUE 	null	1	6	7	3
C003870770	 ELECTRONIC CITY CILEGON 2 	Address of  ELECTRONIC CITY CILEGON 2 	null	4	7	8	3
C003870769	 ELECTRONIC SOLUTION BALAIKOTA 	Address of  ELECTRONIC SOLUTION BALAIKOTA 	null	5	7	7	3
C003870764	 CARREFOUR PLUIT VILLAGE 	Address of  CARREFOUR PLUIT VILLAGE 	null	2	2	7	3
C003870763	 ELECTRONIC CITY BUARAN 	Address of  ELECTRONIC CITY BUARAN 	null	4	7	7	3
C003841161	 CHANDRA PRINGSEWU 	Address of  CHANDRA PRINGSEWU 	null	9	9	8	3
C003841160	 SUMBER DISC 	Address of  SUMBER DISC 	null	9	3	16	1
C003840689	 HYPER MART MALUKU CITY STORE 	Address of  HYPER MART MALUKU CITY STORE 	null	7	2	10	2
C003810679	 WHITE BROWN ELECTRONICS CINERE 	Address of  WHITE BROWN ELECTRONICS CINERE 	null	10	7	7	3
C003810678	 WHITE BROWN ELECTRONICS BEKASI 	Address of  WHITE BROWN ELECTRONICS BEKASI 	null	10	7	7	3
C003781077	 ELECTRONIC CITY THE PLAZA BALIKPAPAN 	Address of  ELECTRONIC CITY THE PLAZA BALIKPAPAN 	null	4	7	16	1
C003781076	 ELECTRONIC CITY RUKO BALIKPAPAN PERMAI 	Address of  ELECTRONIC CITY RUKO BALIKPAPAN PERMAI 	null	4	7	16	1
C003781074	 ELECTRONIC CITY JATINANGOR 	Address of  ELECTRONIC CITY JATINANGOR 	null	4	7	2	1
C003781073	 ELECTRONIC CITY CIMAHI 	Address of  ELECTRONIC CITY CIMAHI 	null	4	7	2	1
C003770635	 ELECTRONIC CITY BOGOR TRADE MALL 	Address of  ELECTRONIC CITY BOGOR TRADE MALL 	null	4	7	5	3
C003752177	 ELECTRONIC CITY PONDOK INDAH MALL 	Address of  ELECTRONIC CITY PONDOK INDAH MALL 	null	4	6	7	3
C003750609	 SARANA ELEKTRONIK KERINCI 	Address of  SARANA ELEKTRONIK KERINCI 	null	9	9	14	4
C003741362	 BEST DENKI PURI 	Address of  BEST DENKI PURI 	null	1	6	7	3
C003741190	 GRASIAS 	Address of  GRASIAS 	null	9	9	16	1
C003733193	 GIANT NANGKA 	Address of  GIANT NANGKA 	null	6	2	14	4
C003733192	 TAM ELEKTRONIK 	Address of  TAM ELEKTRONIK 	null	9	9	14	4
C003733191	 AGUNG ELEKTRONIK 	Address of  AGUNG ELEKTRONIK 	null	9	9	14	4
C003732020	 SEHATI TASIK 	Address of  SEHATI TASIK 	null	9	9	2	1
C003731180	 CARREFOUR SOLO BARU 	Address of  CARREFOUR SOLO BARU 	null	2	2	19	1
C003731019	 ELECTRONIC SOLUTION PALEMBANG SQUARE 	Address of  ELECTRONIC SOLUTION PALEMBANG SQUARE 	null	5	7	13	4
C003723156	 ELECTRONIC SOLUTION TANGERANG CITY 	Address of  ELECTRONIC SOLUTION TANGERANG CITY 	null	5	7	7	3
C003722929	 CENTRAL ELECTRONIC (MELATI) 	Address of  CENTRAL ELECTRONIC (MELATI) 	null	9	3	17	1
C003722723	 KENAL 	Address of  KENAL 	null	9	9	2	1
C003722254	 METRO ELEKTRONIK  - BERAU TARAKAN 	Address of  METRO ELEKTRONIK  - BERAU TARAKAN 	null	9	9	16	1
C003721985	 PELITA ELECTRONIK (IND) 	Address of  PELITA ELECTRONIK (IND) 	null	9	3	10	2
C003721982	 MODERN ELEKTRONIK (IND) 	Address of  MODERN ELEKTRONIK (IND) 	null	9	3	10	2
C003721979	 SINAR ELEKTRONIK 	Address of  SINAR ELEKTRONIK 	null	9	3	10	2
C003721962	 SWISS II (IND) 	Address of  SWISS II (IND) 	null	9	3	11	2
C003721951	 MAHKOTA (IND) 	Address of  MAHKOTA (IND) 	null	9	9	10	2
C003720873	 CARREFOUR IMAM BONJOL 	Address of  CARREFOUR IMAM BONJOL 	null	2	2	1	2
C003720776	 ELECTRONIC CITY PURWAKARTA 	Address of  ELECTRONIC CITY PURWAKARTA 	null	4	7	2	1
C003720775	 INFORMA IBCC 	Address of  INFORMA IBCC 	null	9	7	2	1
C003720773	 PERDANA JAYA ELECTRNIC BATU AJI 	Address of  PERDANA JAYA ELECTRNIC BATU AJI 	null	9	9	4	4
C003712415	 CV. ERA PRIMA 	Address of  CV. ERA PRIMA 	null	9	9	10	2
C003712413	 ELECTRONIC CITY HARTONO MALL – SOLO 	Address of  ELECTRONIC CITY HARTONO MALL – SOLO 	null	4	7	19	1
C003703367	 ELECTRONIC SOLUTION METROPOLIS 	Address of  ELECTRONIC SOLUTION METROPOLIS 	null	5	7	7	3
C003703366	 ELECTRONIC SOLUTION KARAWANG 	Address of  ELECTRONIC SOLUTION KARAWANG 	null	5	7	7	3
C003703365	 ELECTRONIC SOLUTION KALIBATA 	Address of  ELECTRONIC SOLUTION KALIBATA 	null	5	7	7	3
C003701535	 GARUDA I 	Address of  GARUDA I 	null	9	9	2	1
C003701458	 HYPER MART JAKABARING PALEMBANG 	Address of  HYPER MART JAKABARING PALEMBANG 	null	7	2	13	4
C003701456	 MEGA MITRA 2 	Address of  MEGA MITRA 2 	null	9	9	6	3
C003701455	 ABADI JAYA CIKARANG 	Address of  ABADI JAYA CIKARANG 	null	9	9	8	3
C003700612	 ELECTRONIC CITY TAMINI SQUARE 	Address of  ELECTRONIC CITY TAMINI SQUARE 	null	4	7	7	3
C003700611	 ELECTRONIC CITY SARI PLAZA SAWANGAN 	Address of  ELECTRONIC CITY SARI PLAZA SAWANGAN 	null	4	7	7	3
C003700610	 ELECTRONIC CITY BOGOR TECHNO WORLD 	Address of  ELECTRONIC CITY BOGOR TECHNO WORLD 	null	4	7	5	3
C003700609	 ELECTRONIC CITY BEKASI JUNCTION 	Address of  ELECTRONIC CITY BEKASI JUNCTION 	null	4	7	7	3
C003693088	 CARREFOUR KARAWACI 	Address of  CARREFOUR KARAWACI 	null	2	2	7	3
C003692137	 ANEKA ELEKTRONIK 	Address of  ANEKA ELEKTRONIK 	null	9	9	10	2
C003692113	 BINTANG TIMUR 	Address of  BINTANG TIMUR 	null	9	9	16	1
C003692112	 CV. SUKAMAJU 	Address of  CV. SUKAMAJU 	null	9	9	10	2
C003691722	 CV. GLOBAL ELEKTRONIK 	Address of  CV. GLOBAL ELEKTRONIK 	null	9	9	17	1
C003690802	 GLAEN 2 	Address of  GLAEN 2 	null	9	9	15	1
C003681576	 THOMAS JEMBER 	Address of  THOMAS JEMBER 	null	9	9	18	2
C003681575	 CARREFOUR JEMBER 	Address of  CARREFOUR JEMBER 	null	2	2	18	2
C003681085	 ELECTRONIC CITY GATSU 	Address of  ELECTRONIC CITY GATSU 	null	4	7	1	2
C003681079	 JAYA ELEKTRONIK 	Address of  JAYA ELEKTRONIK 	null	9	9	10	2
C003680665	 ERA ELEKTRONIK 	Address of  ERA ELEKTRONIK 	null	9	9	10	2
C003673973	 LOTTEMART TAMAN SURYA 	Address of  LOTTEMART TAMAN SURYA 	null	8	2	7	3
C003671087	 ATALANTA C0KROAMINOTO 	Address of  ATALANTA C0KROAMINOTO 	null	9	8	19	1
C003670630	 DEPO ELEKTRONIK 	Address of  DEPO ELEKTRONIK 	null	9	8	16	1
C003630631	 NUANSA MARTAPURA 	Address of  NUANSA MARTAPURA 	null	9	9	3	1
C003600588	 HYPER MART PALOPO 	Address of  HYPER MART PALOPO 	null	7	2	10	2
C003590656	 JAYA TEKNIK 	Address of  JAYA TEKNIK 	null	9	9	16	1
C003590655	 WIJAYA PRIMA 	Address of  WIJAYA PRIMA 	null	9	9	16	1
C003590654	 SUMBER REJEKI 	Address of  SUMBER REJEKI 	null	9	9	16	1
C003590652	 FOKUS 	Address of  FOKUS 	null	9	9	16	1
C003531005	 ANUGRAH LESTARI 	Address of  ANUGRAH LESTARI 	null	9	9	2	1
C003531003	 ANEKA ELEKTRONIK TANGERANG 	Address of  ANEKA ELEKTRONIK TANGERANG 	null	9	9	5	3
C003480700	 SP ELEKTRONIK 	Address of  SP ELEKTRONIK 	null	9	9	4	4
C003480699	 BINTAN C0LOMBIA 	Address of  BINTAN C0LOMBIA 	null	9	9	4	4
C003480696	 ASEAN FURNITURE & ELEKTRONIK 2 	Address of  ASEAN FURNITURE & ELEKTRONIK 2 	null	9	9	4	4
C003480695	 ASEAN FURNITURE & ELEKTRONIK 1 	Address of  ASEAN FURNITURE & ELEKTRONIK 1 	null	9	9	4	4
C003471299	 CARREFOUR PENGAYOMAN 	Address of  CARREFOUR PENGAYOMAN 	null	2	2	10	2
C003467272	 LOTTE MART BEKASI JUNCTION 	Address of  LOTTE MART BEKASI JUNCTION 	null	8	2	7	3
C003460688	 HYPER MART CITRA GRAND 	Address of  HYPER MART CITRA GRAND 	null	7	2	7	3
C003440735	 UFO MADIUN NEW 	Address of  UFO MADIUN NEW 	null	9	8	18	2
C003440672	 GIANT LAMPUNG 	Address of  GIANT LAMPUNG 	null	6	2	8	3
C003431132	 BRANDSHOP ATLANTA 	Address of  BRANDSHOP ATLANTA 	null	9	4	17	1
C003430729	 MAXI MITRA LESTARI 	Address of  MAXI MITRA LESTARI 	null	9	9	10	2
C003430702	 HYPER MART KUPANG 	Address of  HYPER MART KUPANG 	null	7	2	1	2
C003412409	 ELECTRONIC CITY SERANG MALL 	Address of  ELECTRONIC CITY SERANG MALL 	null	4	7	8	3
C003412408	 ELECTRONIC CITY CILEGON SUPERMALL 	Address of  ELECTRONIC CITY CILEGON SUPERMALL 	null	4	7	8	3
C003412287	 SUMBER LISTRIK PUTRA 	Address of  SUMBER LISTRIK PUTRA 	null	9	9	18	2
C003412284	 CARREFOUR MADIUN 	Address of  CARREFOUR MADIUN 	null	2	2	18	2
C003401620	 CARREFOUR MARKET PONTIANAK 	Address of  CARREFOUR MARKET PONTIANAK 	null	2	2	15	1
C003401528	 HYPER MART LIPPO PLAZA KENDARI 	Address of  HYPER MART LIPPO PLAZA KENDARI 	null	7	2	10	2
C003401527	 HYPER MART BANGKA TRADE CENTER 	Address of  HYPER MART BANGKA TRADE CENTER 	null	7	2	13	4
C003330596	 HYPER MART PALANGKARAYA 	Address of  HYPER MART PALANGKARAYA 	null	7	2	3	1
C003220687	 CARREFOUR MOJOKERTO 	Address of  CARREFOUR MOJOKERTO 	null	2	2	18	2
C003220686	 CARREFOUR PASURUAN 	Address of  CARREFOUR PASURUAN 	null	2	2	18	2
C003220685	 INDOC00L 	Address of  INDOC00L 	null	9	8	17	1
C003220682	 SAMI JAYA ELEKTRONIK 	Address of  SAMI JAYA ELEKTRONIK 	null	9	9	18	2
C003180625	 SURYA SIPIN 	Address of  SURYA SIPIN 	null	9	9	9	4
C003180624	 RATU IRAMA BUNGO 	Address of  RATU IRAMA BUNGO 	null	9	9	9	4
C003180623	 CENTRAL TOMOHON 	Address of  CENTRAL TOMOHON 	null	9	3	11	2
C003101747	 ELECTRONIC SOLUTION ALAM SUTERA 	Address of  ELECTRONIC SOLUTION ALAM SUTERA 	null	5	7	7	3
C003101744	 HONGKONG EXPO 	Address of  HONGKONG EXPO 	null	9	8	14	4
C003100995	 SAMSUNG BRAND SHOP-PEKANBARU 	Address of  SAMSUNG BRAND SHOP-PEKANBARU 	null	9	4	14	4
C003100994	 NUSANTARA ELEKTRONIK 	Address of  NUSANTARA ELEKTRONIK 	null	9	9	14	4
C003100993	 ELECTRONIC CITY SUNSET BALI 	Address of  ELECTRONIC CITY SUNSET BALI 	null	4	7	1	2
C003100992	 HYPER MART Q MALL 	Address of  HYPER MART Q MALL 	null	7	2	3	1
C003100913	 HYPER MART HARTONO MALL 	Address of  HYPER MART HARTONO MALL 	null	7	2	19	1
C003094479	 MERDEKA JAYA ELEKTRONIK 	Address of  MERDEKA JAYA ELEKTRONIK 	null	9	9	18	2
C003094390	 ELECTRONIC SOLUTION E WALK 	Address of  ELECTRONIC SOLUTION E WALK 	null	5	7	16	1
C003083923	 ELECTRONIC CITY CINERE 	Address of  ELECTRONIC CITY CINERE 	null	4	7	7	3
C003083922	 ELECTRONIC CITY BINTARO 	Address of  ELECTRONIC CITY BINTARO 	null	4	6	7	3
C003081585	 PLAZA ELECTRONIC 	Address of  PLAZA ELECTRONIC 	null	9	8	4	4
C003081582	 EXPO ELEKTRONIK BATU 9 	Address of  EXPO ELEKTRONIK BATU 9 	null	9	9	4	4
C003001224	 ELECTRONIC CITY CIBINONG SQUARE 	Address of  ELECTRONIC CITY CIBINONG SQUARE 	null	4	7	5	3
C003001223	 BEST DENKI KEMANG VILLAGE 	Address of  BEST DENKI KEMANG VILLAGE 	null	1	7	7	3
C003000599	 GIANT SERANG 2 	Address of  GIANT SERANG 2 	null	6	2	7	3
C002912436	 INTER ELEKTRONIK SAMARINDA 	Address of  INTER ELEKTRONIK SAMARINDA 	null	9	9	16	1
C002912435	 SUARA ASLI JAMBI 	Address of  SUARA ASLI JAMBI 	null	9	9	9	4
C002912434	 CENTRO GROSIR (IND) 	Address of  CENTRO GROSIR (IND) 	null	9	9	10	2
C002912431	 TERANG MAKMUR 	Address of  TERANG MAKMUR 	null	9	9	8	3
C002894188	 ELECTRONIC CITY PAMULANG 	Address of  ELECTRONIC CITY PAMULANG 	null	4	7	7	3
C002882758	 SAMSON ELECTRONIK 	Address of  SAMSON ELECTRONIK 	null	9	9	8	3
C002882747	 RATU SALJU ELECTRONIC 	Address of  RATU SALJU ELECTRONIC 	null	9	9	6	3
C002882637	 LG ELEKTRONIK - KERINCI 	Address of  LG ELEKTRONIK - KERINCI 	null	9	9	14	4
C002882583	 NEW IRAMA ABADI 	Address of  NEW IRAMA ABADI 	null	9	3	9	4
C002882572	 PRIMA ELECTRONIC-PEKANBARU SUDIRMAN 	Address of  PRIMA ELECTRONIC-PEKANBARU SUDIRMAN 	null	9	3	14	4
C002882496	 PASIFIC ELECTRONIC 	Address of  PASIFIC ELECTRONIC 	null	9	3	5	3
C002882424	 ANEKA IRAMA-JAMBI 	Address of  ANEKA IRAMA-JAMBI 	null	9	3	9	4
C002882413	 CITRA ELECTRONIC- SOEKARNO HATTA BANGKA 	Address of  CITRA ELECTRONIC- SOEKARNO HATTA BANGKA 	null	9	3	13	4
C002882313	 ROMA 	Address of  ROMA 	null	9	9	8	3
C002882246	 PUTRA JAYA ELECTRONIC-KLENDER 	Address of  PUTRA JAYA ELECTRONIC-KLENDER 	null	9	9	5	3
C002882092	 CAHAYA ABADI-KARAWANG 	Address of  CAHAYA ABADI-KARAWANG 	null	9	9	5	3
C002882050	 SINAR BAHAGIA ELECTRONIC-HARC0 MG DUA 	Address of  SINAR BAHAGIA ELECTRONIC-HARC0 MG DUA 	null	9	5	5	3
C002882005	 FAJAR HARAPAN-BATU SANGKAR 	Address of  FAJAR HARAPAN-BATU SANGKAR 	null	9	3	12	4
C002881910	 SANJAYA ELECTRONIC-SENEN 	Address of  SANJAYA ELECTRONIC-SENEN 	null	9	8	5	3
C002881908	 SENTOSA A2 	Address of  SENTOSA A2 	null	9	9	5	3
C002881897	 INDO JAYA-JAKARTA 	Address of  INDO JAYA-JAKARTA 	null	9	9	5	3
C002881817	 MR ELEKTRONIK 	Address of  MR ELEKTRONIK 	null	9	9	13	4
C002881689	 MANDIRI ELECTRONIC-PALEMBANG ATMO 	Address of  MANDIRI ELECTRONIC-PALEMBANG ATMO 	null	9	3	13	4
C002881685	 MEGA ELECTRONIC-PALEMBANG 	Address of  MEGA ELECTRONIC-PALEMBANG 	null	9	9	13	4
C002881679	 IRAMA JAYA-PALEMBANG B JANGGUT 	Address of  IRAMA JAYA-PALEMBANG B JANGGUT 	null	9	9	13	4
C002881622	 ALFA ELEKTRONIK-DEPOK 	Address of  ALFA ELEKTRONIK-DEPOK 	null	9	8	5	3
C002881604	 WIJAYA ELECTRONIC 	Address of  WIJAYA ELECTRONIC 	null	9	9	5	3
C002881567	 SINAR GLOBAL 	Address of  SINAR GLOBAL 	null	9	3	12	4
C002881491	 LARIS MANIS-BOGOR 	Address of  LARIS MANIS-BOGOR 	null	9	9	5	3
C002881373	 SURYA ELECTRONIC-MEDAN AR HAKIM 	Address of  SURYA ELECTRONIC-MEDAN AR HAKIM 	null	9	9	12	4
C002881326	 ROBINA ELECTRONIC 	Address of  ROBINA ELECTRONIC 	null	9	9	12	4
C002881286	 SARANA ELECTRONIC-RENGAT 	Address of  SARANA ELECTRONIC-RENGAT 	null	9	9	14	4
C002881225	 VIGO 	Address of  VIGO 	null	9	9	12	4
C002881217	 PLANET ELECTRONIC-MEGA BEKASI 	Address of  PLANET ELECTRONIC-MEGA BEKASI 	null	9	8	6	3
C002881208	 JOY ELECTRONIC 	Address of  JOY ELECTRONIC 	null	9	3	9	4
C002881069	 WIRA UTAMA ELECTRONIC -GLODOK 1 	Address of  WIRA UTAMA ELECTRONIC -GLODOK 1 	null	9	5	5	3
C002881060	 CAHAYA MANDIRI 	Address of  CAHAYA MANDIRI 	null	9	9	5	3
C002881034	 HOKKY JAYA 	Address of  HOKKY JAYA 	null	9	9	5	3
C002881030	 ELECTRONIC CENTER 	Address of  ELECTRONIC CENTER 	null	9	9	8	3
C002881019	 HARAPAN BARU-DEPOK 	Address of  HARAPAN BARU-DEPOK 	null	9	9	5	3
C002879454	 ELECTRONIC SOLUTION ROYAL PLAZA 	Address of  ELECTRONIC SOLUTION ROYAL PLAZA 	null	5	7	18	2
C002878532	 SINAR JAYA HARC0 	Address of  SINAR JAYA HARC0 	null	9	5	5	3
C002878531	 GALAXY II LOMBOK 	Address of  GALAXY II LOMBOK 	null	9	9	1	2
C002878529	 SEVEN DOT C0M 	Address of  SEVEN DOT C0M 	null	9	9	5	3
C002878526	 TEKHNIK UTAMA 	Address of  TEKHNIK UTAMA 	null	9	9	3	1
C002878523	 ELECTRONIC SOLUTION CIREBON SUPER BLOK 	Address of  ELECTRONIC SOLUTION CIREBON SUPER BLOK 	null	5	7	2	1
C002876002	 RATU IRAMA ELEKTRONIK 	Address of  RATU IRAMA ELEKTRONIK 	null	9	9	14	4
C002876001	 A. TAKRIB MAGELANG 	Address of  A. TAKRIB MAGELANG 	null	9	5	19	1
C002875999	 GIANT PARAMOUNT 	Address of  GIANT PARAMOUNT 	null	6	2	7	3
C002874296	 HONGKONG 	Address of  HONGKONG 	null	9	9	8	3
C002862371	 GENESIS ELECTRONIC 	Address of  GENESIS ELECTRONIC 	null	9	9	10	2
C002861727	 ELECTRONIC SOLUTION BLUMALL 	Address of  ELECTRONIC SOLUTION BLUMALL 	null	5	7	7	3
C002861726	 ELECTRONIC SOLUTION KOTA KASABLANKA 	Address of  ELECTRONIC SOLUTION KOTA KASABLANKA 	null	5	6	7	3
C002861725	 MERDEKA SEPANJANG 	Address of  MERDEKA SEPANJANG 	null	9	9	18	2
C002861724	 CARREFOUR KOTA KASABLANKA 	Address of  CARREFOUR KOTA KASABLANKA 	null	2	1	7	3
C002846160	 NIAGARA ELEKTRONIK MADIUN 	Address of  NIAGARA ELEKTRONIK MADIUN 	null	9	9	18	2
C002846157	 SUMBER JAYA ELEKTRONIK TULUNG AGUNG 	Address of  SUMBER JAYA ELEKTRONIK TULUNG AGUNG 	null	9	9	18	2
C002845354	 HYPER MART BALAI KOTA 	Address of  HYPER MART BALAI KOTA 	null	7	2	7	3
C002844066	 PERDANA KERTAJAYA 	Address of  PERDANA KERTAJAYA 	null	9	5	18	2
C002844058	 ELECTRONIC SOLUTION SOLO PARAGON 	Address of  ELECTRONIC SOLUTION SOLO PARAGON 	null	5	7	19	1
C002844057	 CARREFOUR HARAPAN INDAH 	Address of  CARREFOUR HARAPAN INDAH 	null	2	2	7	3
C002844056	 SINAR INDOTRONIK PRIMA 	Address of  SINAR INDOTRONIK PRIMA 	null	9	9	2	1
C002841727	 HYPER MART MANDAU CITY 	Address of  HYPER MART MANDAU CITY 	null	7	2	14	4
C002841726	 HYPER MART JAYAPURA 	Address of  HYPER MART JAYAPURA 	null	7	2	10	2
C002841714	 ELECTRONIC CITY DEPOK TRADE CENTER 	Address of  ELECTRONIC CITY DEPOK TRADE CENTER 	null	4	7	7	3
C002841713	 ELECTRONIC CITY CIBUBUR PLAZA 	Address of  ELECTRONIC CITY CIBUBUR PLAZA 	null	4	7	7	3
C002841712	 ELECTRONIC CITY DAAN MOGOT 	Address of  ELECTRONIC CITY DAAN MOGOT 	null	4	7	7	3
C002831519	 GRIYATRON SUBANG 	Address of  GRIYATRON SUBANG 	null	9	9	2	1
C002831509	 PANDAWA MAS JATIWANGI 	Address of  PANDAWA MAS JATIWANGI 	null	9	9	2	1
C002831507	 CENTRAL PANAM ELEKTRONIK 	Address of  CENTRAL PANAM ELEKTRONIK 	null	9	9	14	4
C002829294	 AB ELECTRONIC 	Address of  AB ELECTRONIC 	null	9	9	10	2
C002808798	 RATU IRAMA-JAMBI 	Address of  RATU IRAMA-JAMBI 	null	9	8	9	4
C002808709	 HYPER MART MUARA BUNGO 	Address of  HYPER MART MUARA BUNGO 	null	7	2	9	4
C002648635	 GIANT SERANG 	Address of  GIANT SERANG 	null	6	2	8	3
C002648634	 NUANSA TANJUNG 	Address of  NUANSA TANJUNG 	null	9	9	3	1
C002588642	 LAMPUNG BRAND SHOP  ( LBS ) CV DANAMAS 	Address of  LAMPUNG BRAND SHOP  ( LBS ) CV DANAMAS 	null	9	4	8	3
C002568644	 ELECTRONIC CITY EKA LOKASARI MALL 	Address of  ELECTRONIC CITY EKA LOKASARI MALL 	null	4	7	5	3
C002538776	 CARREFOUR RUNGKUT 	Address of  CARREFOUR RUNGKUT 	null	2	2	18	2
C002418608	 BRAND SHOP PALEMBANG 	Address of  BRAND SHOP PALEMBANG 	null	9	4	13	4
C002308610	 HYPER MART BANGKALAN 	Address of  HYPER MART BANGKALAN 	null	7	2	18	2
C002308609	 BEST DENKI PAKUWON 	Address of  BEST DENKI PAKUWON 	null	1	7	18	2
C002128848	 ELECTRONIC SOLUTION PALEMBANG TRADE CENTER 	Address of  ELECTRONIC SOLUTION PALEMBANG TRADE CENTER 	null	5	7	13	4
C002128847	 ELECTRONIC SOLUTION PALEMBANG INDAH MALL 	Address of  ELECTRONIC SOLUTION PALEMBANG INDAH MALL 	null	5	7	13	4
C002108691	 ELECTRONIC SOLUTION JAVA MALL 	Address of  ELECTRONIC SOLUTION JAVA MALL 	null	5	7	17	1
C002108690	 GOLDEN 	Address of  GOLDEN 	null	9	9	12	4
C002108689	 PUTRI HIJAU 	Address of  PUTRI HIJAU 	null	9	9	12	4
C002108688	 AUDIO JAYA 	Address of  AUDIO JAYA 	null	9	9	12	4
C001808618	 ELECTRONIC SOLUTION SOLO GRAND MALL 	Address of  ELECTRONIC SOLUTION SOLO GRAND MALL 	null	5	7	19	1
C001758922	 MERDEKA PAMEKASAN 	Address of  MERDEKA PAMEKASAN 	null	9	9	18	2
C001688611	 UFO DELTA 	Address of  UFO DELTA 	null	9	9	18	2
C001688610	 LIE NELLY/SINAR MAS 	Address of  LIE NELLY/SINAR MAS 	null	9	9	17	1
C001688609	 ELECTRONIC SOLUTION PARAGON 	Address of  ELECTRONIC SOLUTION PARAGON 	null	5	7	17	1
C001688608	 ABC JUWANA 	Address of  ABC JUWANA 	null	9	9	17	1
C001618610	 MERDEKA BANGKALAN 	Address of  MERDEKA BANGKALAN 	null	9	9	18	2
C001618608	 CARREFOUR KALIMAS 	Address of  CARREFOUR KALIMAS 	null	2	2	18	2
C001518656	 GIANT THOLE ISKANDAR MUDA 	Address of  GIANT THOLE ISKANDAR MUDA 	null	6	2	7	3
C001328611	 SINAR MAS LAMPUNG 	Address of  SINAR MAS LAMPUNG 	null	9	9	8	3
C001328608	 DEVINSON-LAMPUNG 	Address of  DEVINSON-LAMPUNG 	null	9	9	8	3
C001298836	 BEST DENKI TRANS KALA MAL 	Address of  BEST DENKI TRANS KALA MAL 	null	1	7	10	2
C001268614	 ELECTRONIC CITY KRAMAT JATI 	Address of  ELECTRONIC CITY KRAMAT JATI 	null	4	7	7	3
C001268610	 ERISEN ELEKTRONIK 	Address of  ERISEN ELEKTRONIK 	null	9	8	15	1
C001268607	 MEGA ELEKTRONIK-PONTIANAK MEGA MALL 	Address of  MEGA ELEKTRONIK-PONTIANAK MEGA MALL 	null	9	9	15	1
C001208664	 MIRA 	Address of  MIRA 	null	9	9	17	1
C001158640	 FITRAH UTAMA 	Address of  FITRAH UTAMA 	null	9	9	3	1
C001158634	 CV.ARIF IRWAN ELEKTRONINDO 	Address of  CV.ARIF IRWAN ELEKTRONINDO 	null	9	9	3	1
C001158624	 BEST ELECTRONIC 	Address of  BEST ELECTRONIC 	null	9	9	9	4
C001158622	 GRUNDIG JAYA 	Address of  GRUNDIG JAYA 	null	9	9	9	4
C001158614	 SINAR BARU ELEKTRONIK 	Address of  SINAR BARU ELEKTRONIK 	null	9	9	13	4
C001148619	 CANDRA ELEKTRONIK 	Address of  CANDRA ELEKTRONIK 	null	9	9	18	2
C001148616	 ASIA ELEKTRONIK-MALANG 	Address of  ASIA ELEKTRONIK-MALANG 	null	9	9	18	2
C001058611	 D`BEST ELECTRONIC 	Address of  D`BEST ELECTRONIC 	null	9	9	5	3
C001049037	 ELECTRONIC SOLUTION LENMARC SBY 	Address of  ELECTRONIC SOLUTION LENMARC SBY 	null	5	7	18	2
C000978754	 SC0RPIO ELECTRONIC 	Address of  SC0RPIO ELECTRONIC 	null	9	9	16	1
C000978752	 MULTI DATA PALEMBANG 	Address of  MULTI DATA PALEMBANG 	null	9	9	13	4
C000928609	 HYPER MART GORONTALO 	Address of  HYPER MART GORONTALO 	null	7	2	11	2
C000768615	 SWISS ELEKTRONIK 	Address of  SWISS ELEKTRONIK 	null	9	9	11	2
C000768614	 ACC GROGOT 	Address of  ACC GROGOT 	null	9	9	16	1
C000768613	 BARU ELEKTRONIK 	Address of  BARU ELEKTRONIK 	null	9	9	17	1
C000768611	 OGAN 	Address of  OGAN 	null	9	9	18	2
C000768610	 HYPER MART PALEMBANG SQUARE 	Address of  HYPER MART PALEMBANG SQUARE 	null	7	2	13	4
C000768609	 GIANT SUPERDOME 	Address of  GIANT SUPERDOME 	null	6	2	17	1
C000608614	 UFO JOMBANG 	Address of  UFO JOMBANG 	null	9	9	18	2
C000598705	 ELECTRONIC SOLUTION MEGA MALL 	Address of  ELECTRONIC SOLUTION MEGA MALL 	null	5	7	4	4
C000568630	 HYPER MART CIMANGGIS 	Address of  HYPER MART CIMANGGIS 	null	7	2	7	3
C000568629	 HYPER MART GADING SERPONG 	Address of  HYPER MART GADING SERPONG 	null	7	2	7	3
C000438798	 ANEKA PUTRA KELAPA GADING 	Address of  ANEKA PUTRA KELAPA GADING 	null	9	9	6	3
C000349076	 SEVEN BINTARO 	Address of  SEVEN BINTARO 	null	9	9	5	3
C000349075	 UFO TEUKU UMAR 	Address of  UFO TEUKU UMAR 	null	9	5	1	2
C000349074	 CARREFOUR SOLO PARAGON 	Address of  CARREFOUR SOLO PARAGON 	null	2	2	19	1
C000172885	 GIANT HARAPAN INDAH BEKASI 	Address of  GIANT HARAPAN INDAH BEKASI 	null	6	2	7	3
C000172873	 LOTTE MART FATMAWATI 	Address of  LOTTE MART FATMAWATI 	null	8	2	7	3
C000172872	 MERDEKA ELEKTRONIK SUMENEP 	Address of  MERDEKA ELEKTRONIK SUMENEP 	null	9	9	18	2
C000172871	 ARTECH 	Address of  ARTECH 	null	9	5	12	4
C000171763	 PRATAMA MOJOKERTO 	Address of  PRATAMA MOJOKERTO 	null	9	9	18	2
C000171761	 PERDANA BERAU (TWK GRUP) 	Address of  PERDANA BERAU (TWK GRUP) 	null	9	9	16	1
C000171758	 SINAR ELEKTRONIK 	Address of  SINAR ELEKTRONIK 	null	9	9	16	1
C000171757	 PERDANA ELEKTRONIK 	Address of  PERDANA ELEKTRONIK 	null	9	9	16	1
C000169724	 HARTONO MASPION SQUARE 	Address of  HARTONO MASPION SQUARE 	null	9	8	18	2
C000169723	 ELECTRONIC CITY EPICENTRUM 	Address of  ELECTRONIC CITY EPICENTRUM 	null	4	7	7	3
C000169722	 PUTRA ELEKTRONIK 	Address of  PUTRA ELEKTRONIK 	null	9	8	15	1
C000169721	 BEST DENKI BSM 	Address of  BEST DENKI BSM 	null	1	7	2	1
C000166967	 IRAMA BARU-PALEMBANG 	Address of  IRAMA BARU-PALEMBANG 	null	9	9	13	4
C000166965	 GT ELEKTRONIK 	Address of  GT ELEKTRONIK 	null	9	9	13	4
C000166924	 THOMAS ELEKTRONIK 	Address of  THOMAS ELEKTRONIK 	null	9	9	18	2
C000166923	 CARREFOUR ARMADA 	Address of  CARREFOUR ARMADA 	null	2	2	19	1
C000166922	 HYPER MART CIREBON 	Address of  HYPER MART CIREBON 	null	7	2	2	1
C000166921	 CARREFOUR CIPTO CIREBON 	Address of  CARREFOUR CIPTO CIREBON 	null	2	2	2	1
C000166920	 HYPER MART SIDOARJO 	Address of  HYPER MART SIDOARJO 	null	7	2	18	2
C000166918	 HYPER MART AMBON CITY CENTER 	Address of  HYPER MART AMBON CITY CENTER 	null	7	2	10	2
C000166917	 HYPER MART KEMANG VILLAGE 	Address of  HYPER MART KEMANG VILLAGE 	null	7	2	7	3
C000166916	 HYPER MART BATU TOWN SQUARE 	Address of  HYPER MART BATU TOWN SQUARE 	null	7	2	18	2
C000166330	 CARREFOUR KEPRI MALL BATAM 	Address of  CARREFOUR KEPRI MALL BATAM 	null	2	2	4	4
C000165113	 LOTTE MART KUNINGAN CITY 	Address of  LOTTE MART KUNINGAN CITY 	null	8	2	7	3
C000165110	 CENTRAL NAGOYA HILL 	Address of  CENTRAL NAGOYA HILL 	null	9	5	4	4
C000165109	 GLOBAL FATMAWATI 	Address of  GLOBAL FATMAWATI 	null	9	9	17	1
C000165108		Address of 	null	7	2	17	1
C000165107	 ELEKTRONIK SQUARE SUKABUMI 	Address of  ELEKTRONIK SQUARE SUKABUMI 	null	9	9	5	3
C000165102	 ONE ELEKTRONIK 	Address of  ONE ELEKTRONIK 	null	9	9	15	1
C000164389	 HYPER MART CIPUTRA SERAYA 	Address of  HYPER MART CIPUTRA SERAYA 	null	7	2	14	4
C000163344	 ELECTRONIC SOLUTION YOGYAKARTA 	Address of  ELECTRONIC SOLUTION YOGYAKARTA 	null	5	7	19	1
C000162866	 METRO ELEKTRONIK-TULUNG AGUNG 	Address of  METRO ELEKTRONIK-TULUNG AGUNG 	null	9	9	18	2
C000162865	 3 STAR ELEKTRONIK 	Address of  3 STAR ELEKTRONIK 	null	9	9	18	2
C000161444	 BEST DENKI SUMMAREC0N MALL SERPONG 	Address of  BEST DENKI SUMMAREC0N MALL SERPONG 	null	1	6	7	3
C000161436	 SUMBER JAYA TARAKAN 	Address of  SUMBER JAYA TARAKAN 	null	9	8	16	1
C000158905	 ELECTRONIC SOLUTION BALC0NY 	Address of  ELECTRONIC SOLUTION BALC0NY 	null	5	7	16	1
C000156486	 LOTTE MART BINTARO 	Address of  LOTTE MART BINTARO 	null	8	2	7	3
C000156485	 TOKO WAHYU 	Address of  TOKO WAHYU 	null	9	9	16	1
C000151687	 HYPER MART GRESIK 	Address of  HYPER MART GRESIK 	null	7	2	18	2
C000151686	 HASIL BARU 	Address of  HASIL BARU 	null	9	9	18	2
C000151655	 SEVEN BOGOR 	Address of  SEVEN BOGOR 	null	9	8	5	3
C000150304	 JAWI ELEKTRONIK 	Address of  JAWI ELEKTRONIK 	null	9	9	15	1
C000150303	 GLAEN ELEKTRONIK 	Address of  GLAEN ELEKTRONIK 	null	9	8	15	1
C000150299	 HYPER MART PONTIANAK 	Address of  HYPER MART PONTIANAK 	null	7	1	15	1
C000149616	 SAMUDRA TULUNGAGUNG 	Address of  SAMUDRA TULUNGAGUNG 	null	9	9	18	2
C000149615	 ANUGRAH JAYA MADIUN 	Address of  ANUGRAH JAYA MADIUN 	null	9	9	18	2
C000149614	 HYPER MART KEDIRI 	Address of  HYPER MART KEDIRI 	null	7	2	18	2
C000149589	 ELECTRONIC SOLUTION SOLO SQUARE 	Address of  ELECTRONIC SOLUTION SOLO SQUARE 	null	5	7	19	1
C000122935	 SARANA ELEKTRONIK ( HTI ) 	Address of  SARANA ELEKTRONIK ( HTI ) 	null	9	9	6	3
C000122931	 MITRA AGUNG TASIK 	Address of  MITRA AGUNG TASIK 	null	9	9	2	1
C000122926	 HYPER MART SERANG 	Address of  HYPER MART SERANG 	null	7	2	8	3
C000122925	 ELECTRONIC SOLUTION METRO INDAH MALL 	Address of  ELECTRONIC SOLUTION METRO INDAH MALL 	null	5	7	2	1
C000081438	 JAYA ELEKTRONIK-BANYUWANGI 	Address of  JAYA ELEKTRONIK-BANYUWANGI 	null	9	9	18	2
C000080726	 GIANT JONGGOL METLAND 	Address of  GIANT JONGGOL METLAND 	null	6	2	5	3
C000080725	 CARREFOUR TANGGERANG CITY 	Address of  CARREFOUR TANGGERANG CITY 	null	2	2	7	3
C000080723	 ABADI JAYA - KRAMAT JATI 	Address of  ABADI JAYA - KRAMAT JATI 	null	9	9	6	3
C000080692	 LANGGENG JAYA 	Address of  LANGGENG JAYA 	null	9	9	8	3
C000080691	 ABADI JAYA CILEDUG 	Address of  ABADI JAYA CILEDUG 	null	9	9	8	3
C000079765	 CARREFOUR KARAWANG 	Address of  CARREFOUR KARAWANG 	null	2	2	7	3
C000078950	 GIANT JABABEKA 	Address of  GIANT JABABEKA 	null	6	2	7	3
C000078910	 BEST DENKI MAL GRAND CITY 	Address of  BEST DENKI MAL GRAND CITY 	null	1	7	18	2
C000078909	 HYPER MART CIPUTRA WORLD SURABAYA 	Address of  HYPER MART CIPUTRA WORLD SURABAYA 	null	7	2	18	2
C000078908	 HYPER MART WTC BATANGHARI 	Address of  HYPER MART WTC BATANGHARI 	null	7	2	9	4
C000078907	 HYPER MART BENGKULU INDAH MALL 	Address of  HYPER MART BENGKULU INDAH MALL 	null	7	1	13	4
C000078767	 TK. CANDI ELEKTRONIKA 	Address of  TK. CANDI ELEKTRONIKA 	null	9	9	19	1
C000078735	 RAHAYU,TK 	Address of  RAHAYU,TK 	null	9	9	18	2
C000078729	 METRON GEDANGAN 	Address of  METRON GEDANGAN 	null	9	9	18	2
C000078577	 ADA KUDUS 	Address of  ADA KUDUS 	null	9	3	17	1
C000078253	 REMAC0 ELECTRONICS 	Address of  REMAC0 ELECTRONICS 	null	9	9	15	1
C000078251	 KELLY & DENZEL ELECTRONICS 	Address of  KELLY & DENZEL ELECTRONICS 	null	9	8	15	1
C000078167	 Tk. AA 	Address of  Tk. AA 	null	9	9	10	2
C000078164	 MEGA ELEKTRONIK-MAKASAR KELAPA 	Address of  MEGA ELEKTRONIK-MAKASAR KELAPA 	null	9	9	10	2
C000078007	 TRIJAYA ELEKTRONIK 	Address of  TRIJAYA ELEKTRONIK 	null	9	9	13	4
C000078005	 CV. NEW SUWANDI ELECTRONIC 	Address of  CV. NEW SUWANDI ELECTRONIC 	null	9	9	13	4
C000077968	 UD RAYHAN 	Address of  UD RAYHAN 	null	9	9	3	1
C000077966	 JAYA SUMBER ABADI SENTOSA 	Address of  JAYA SUMBER ABADI SENTOSA 	null	9	9	3	1
C000077965	 GUNUNG MADU 	Address of  GUNUNG MADU 	null	9	9	3	1
C000077963	 H. DHANY ELEKTRONIK 	Address of  H. DHANY ELEKTRONIK 	null	9	9	3	1
C000077959	 ABADI BARU ELEKTRONIK 	Address of  ABADI BARU ELEKTRONIK 	null	9	9	3	1
C000060786	 ELECTRONIC SOLUTION MALL RATU INDAH 	Address of  ELECTRONIC SOLUTION MALL RATU INDAH 	null	5	7	10	2
C000060767	 HYPER MART MEGA GLODOK KEMAYORAN 	Address of  HYPER MART MEGA GLODOK KEMAYORAN 	null	7	2	7	3
C000060766	 HARTONO ELEKTRONIK 	Address of  HARTONO ELEKTRONIK 	null	9	5	8	3
C000060759	 SURYA ELECTRONICS 	Address of  SURYA ELECTRONICS 	null	9	8	1	2
C000060758	 SINAR ABADI ELECTRONICS 	Address of  SINAR ABADI ELECTRONICS 	null	9	8	1	2
C000060755	 SUMBER KARYA 3 	Address of  SUMBER KARYA 3 	null	9	8	5	3
C000060754	 SUMBER KARYA 2 	Address of  SUMBER KARYA 2 	null	9	8	5	3
C000060753	 SUMBER KARYA 1 	Address of  SUMBER KARYA 1 	null	9	5	5	3
C000060750	 SEVEN ELECTRONICS SERPONG 	Address of  SEVEN ELECTRONICS SERPONG 	null	9	8	5	3
C000060749	 SEVEN ELECTRONICS BSD 	Address of  SEVEN ELECTRONICS BSD 	null	9	8	5	3
C000060745	 SERAYU ELEKTRONIK 	Address of  SERAYU ELEKTRONIK 	null	9	4	6	3
C000060739	 RAJA KREDIT/INDONESIA ELEKTRONIK 	Address of  RAJA KREDIT/INDONESIA ELEKTRONIK 	null	9	9	8	3
C000060736	 SUARA AGUNG GLODOK 	Address of  SUARA AGUNG GLODOK 	null	9	9	5	3
C000060735	 RAJA ELECTRONIC MANGGA DUA SQUARE-MERDEKA 	Address of  RAJA ELECTRONIC MANGGA DUA SQUARE-MERDEKA 	null	9	9	5	3
C000060730	 PULAU INDAH CILEGON PLAZA 	Address of  PULAU INDAH CILEGON PLAZA 	null	9	9	8	3
C000060727	 TANG KAWI 	Address of  TANG KAWI 	null	9	9	8	3
C000060726	 KAWI JAYA 	Address of  KAWI JAYA 	null	9	8	8	3
C000060724	 HEAVEN ELECTRONIC 	Address of  HEAVEN ELECTRONIC 	null	9	9	6	3
C000060719	 CV CENTRAL ELEKTRONIK 	Address of  CV CENTRAL ELEKTRONIK 	null	9	9	5	3
C000060718	 CENTRAL BOGOR 	Address of  CENTRAL BOGOR 	null	9	9	5	3
C000060716	 BAZAAR KARYA ARISA BOGOR 	Address of  BAZAAR KARYA ARISA BOGOR 	null	9	9	5	3
C000060715	 BAZAAR KARYA ARISA CIBUBUR 	Address of  BAZAAR KARYA ARISA CIBUBUR 	null	9	5	6	3
C000060712	 BINTANG JAYA-CIPUTAT 	Address of  BINTANG JAYA-CIPUTAT 	null	9	9	8	3
C000060711	 ABADI JAYA FATMAWATI 	Address of  ABADI JAYA FATMAWATI 	null	9	5	8	3
C000060710	 ABADI JAYA BENHIL 	Address of  ABADI JAYA BENHIL 	null	9	9	8	3
C000060708	 METRO-PURBALINGGA 	Address of  METRO-PURBALINGGA 	null	9	9	19	1
C000060707	 SINAR JAYA PURWOKERTO 	Address of  SINAR JAYA PURWOKERTO 	null	9	9	19	1
C000060705	 IRAMA MAS PURWOKERTO 	Address of  IRAMA MAS PURWOKERTO 	null	9	9	19	1
C000060702	 DEPO PELITA 	Address of  DEPO PELITA 	null	9	5	19	1
C000060700	 ATLANTA MATARAM 	Address of  ATLANTA MATARAM 	null	9	5	17	1
C000060697	 ADA SILIWANGI 	Address of  ADA SILIWANGI 	null	9	9	17	1
C000060696	 ADA MAJAPAHIT 	Address of  ADA MAJAPAHIT 	null	9	9	17	1
C000060560	 PRIMA JAYA-UJUNG BATU 	Address of  PRIMA JAYA-UJUNG BATU 	null	9	9	14	4
C000060556	 RIA JAYA ELEKTRONIK-MEDAN 	Address of  RIA JAYA ELEKTRONIK-MEDAN 	null	9	5	12	4
C000060226	 GUNUNG BINTANG SEMESTA 	Address of  GUNUNG BINTANG SEMESTA 	null	9	9	8	3
C000060223	 PARADISE ELECTRONIC 	Address of  PARADISE ELECTRONIC 	null	9	5	6	3
C000060220	 CARREFOUR BINTARO 	Address of  CARREFOUR BINTARO 	null	2	2	7	3
C000060217	 HYPER MART SOLO SQUARE 	Address of  HYPER MART SOLO SQUARE 	null	7	2	19	1
C000059593	 YOTA ELEKTRONIC 	Address of  YOTA ELEKTRONIC 	null	9	9	18	2
C000059590	 WINS 	Address of  WINS 	null	9	9	10	2
C000059587	 VIRGO 	Address of  VIRGO 	null	9	9	10	2
C000059586	 UTAMA ELECTRONIC 	Address of  UTAMA ELECTRONIC 	null	9	5	12	4
C000059583	 UFO BANJARBARU 	Address of  UFO BANJARBARU 	null	9	8	3	1
C000059563	 TOKO SEHATI 	Address of  TOKO SEHATI 	null	9	8	2	1
C000059561	 TOKO PELITA 	Address of  TOKO PELITA 	null	9	9	2	1
C000059556	 H MUCHTAR - KARUNIA BARU 	Address of  H MUCHTAR - KARUNIA BARU 	null	9	9	3	1
C000059550	 TK.SUNDA 	Address of  TK.SUNDA 	null	9	9	2	1
C000059544	 TK. LISTAR PUTERA GORONTALO 	Address of  TK. LISTAR PUTERA GORONTALO 	null	9	9	11	2
C000059543	 TJOENG TJIN FOENG 	Address of  TJOENG TJIN FOENG 	null	9	5	5	3
C000059541	 BINTANG LIMA ELECTRONICS 	Address of  BINTANG LIMA ELECTRONICS 	null	9	9	1	2
C000059540	 TIARA 	Address of  TIARA 	null	9	9	10	2
C000059537	 TERANG 	Address of  TERANG 	null	9	9	17	1
C000059534	 SMART 	Address of  SMART 	null	9	9	16	1
C000059526	 SUMBER LISTRIK 	Address of  SUMBER LISTRIK 	null	9	9	18	2
C000059521	 UD.AWANI ELEKTRONIK / KARTIKA 1 	Address of  UD.AWANI ELEKTRONIK / KARTIKA 1 	null	9	9	1	2
C000059516	 BETA ELEKTRONIK 	Address of  BETA ELEKTRONIK 	null	9	9	14	4
C000059512	 SUARA GEMBIRA, TK. 	Address of  SUARA GEMBIRA, TK. 	null	9	9	8	3
C000059490	 GANDRUNG 	Address of  GANDRUNG 	null	9	9	17	1
C000059489	 SERBA MULIA 	Address of  SERBA MULIA 	null	9	5	2	1
C000059488	 SERBA AGUNG 	Address of  SERBA AGUNG 	null	9	8	2	1
C000059487	 SERBA ABADI 	Address of  SERBA ABADI 	null	9	8	2	1
C000059486	 SENTRAL ELEKTRONIK (IND) 	Address of  SENTRAL ELEKTRONIK (IND) 	null	9	9	10	2
C000059484	 SEMERU ELEKTRONIK 	Address of  SEMERU ELEKTRONIK 	null	9	5	19	1
C000059483	 SEMERU 	Address of  SEMERU 	null	9	9	10	2
C000059480	 SATELIT ELEKTRONIK-SOLO 	Address of  SATELIT ELEKTRONIK-SOLO 	null	9	9	19	1
C000059475	 RAHAYU-BOGOR 	Address of  RAHAYU-BOGOR 	null	9	9	5	3
C000059474	 GLOBAL ELECTRONICS 	Address of  GLOBAL ELECTRONICS 	null	9	9	12	4
C000059473	 RINI ELEKTRONIK 	Address of  RINI ELEKTRONIK 	null	9	9	18	2
C000059469	 MELODY 	Address of  MELODY 	null	9	9	1	2
C000059467	 PUSAT ELECTRONIC 	Address of  PUSAT ELECTRONIC 	null	9	9	17	1
C000059462	 UFO KEDIRI 	Address of  UFO KEDIRI 	null	9	8	18	2
C000059459	 TULUS WIRA KARYA 	Address of  TULUS WIRA KARYA 	null	9	8	16	1
C000059451	 SHINDO ELEKTRONIK 	Address of  SHINDO ELEKTRONIK 	null	9	9	4	4
C000059447	 SURYA ELEKTRONIK-NAGOYA HILL 	Address of  SURYA ELEKTRONIK-NAGOYA HILL 	null	9	8	4	4
C000059445	 EXPO ELEKTRONIK 	Address of  EXPO ELEKTRONIK 	null	9	8	4	4
C000059444	 DUTA ELEKTRONIK MITRA MALL 	Address of  DUTA ELEKTRONIK MITRA MALL 	null	9	9	4	4
C000059443	 DUTA ELEKTRONIK NAGOYA 	Address of  DUTA ELEKTRONIK NAGOYA 	null	9	9	4	4
C000059442	 SURGA ELEKTRONIK KEPRI MALL 	Address of  SURGA ELEKTRONIK KEPRI MALL 	null	9	9	4	4
C000059441	 SURGA ELECTRONIC PENUIN / TANJUNG PANTUN 	Address of  SURGA ELECTRONIC PENUIN / TANJUNG PANTUN 	null	9	8	4	4
C000059439	 SURGA ELECTRONIC NAGOYA HILL 	Address of  SURGA ELECTRONIC NAGOYA HILL 	null	9	5	4	4
C000059433	 PT.SINAR JAYA CEMERLANG 	Address of  PT.SINAR JAYA CEMERLANG 	null	9	9	5	3
C000059432	 MEGAH SARI 	Address of  MEGAH SARI 	null	9	5	12	4
C000059430	 AV ZONE 	Address of  AV ZONE 	null	9	9	5	3
C000059416	 PT.LITAN ANUGERAH SARANA E 	Address of  PT.LITAN ANUGERAH SARANA E 	null	9	8	11	2
C000059413	 HARTONO SUNCITY 	Address of  HARTONO SUNCITY 	null	9	5	18	2
C000059412	 HARTONO KERTAJAYA / KTI 	Address of  HARTONO KERTAJAYA / KTI 	null	9	5	18	2
C000059411	 HARTONO GALAXY MALL 	Address of  HARTONO GALAXY MALL 	null	9	5	18	2
C000059410	 HARTONO S PARMAN MALANG 	Address of  HARTONO S PARMAN MALANG 	null	9	5	18	2
C000059409	 HARTONO BG JUNCTION 	Address of  HARTONO BG JUNCTION 	null	9	5	18	2
C000059408	 HARTONO BUKIT DARMO 	Address of  HARTONO BUKIT DARMO 	null	9	5	18	2
C000059404	 BALI ELECTRONICS CENTER 	Address of  BALI ELECTRONICS CENTER 	null	9	5	1	2
C000059399	 UFO KERTAJAYA 	Address of  UFO KERTAJAYA 	null	9	5	18	2
C000059398	 UFO HR MUHAMMAD 	Address of  UFO HR MUHAMMAD 	null	9	5	18	2
C000059394	 CENTRAL BATAM RAYA 	Address of  CENTRAL BATAM RAYA 	null	9	5	4	4
C000059386	 PT.BERKAT BERDIKARI ELEKTRINDO 	Address of  PT.BERKAT BERDIKARI ELEKTRINDO 	null	9	5	5	3
C000059385	 UFO BALI 	Address of  UFO BALI 	null	9	5	1	2
C000059384	 PT.ASRI LESTARI/DUNIA ELEKTRIK 	Address of  PT.ASRI LESTARI/DUNIA ELEKTRIK 	null	9	9	8	3
C000059383	 ASIA JAYA LESTARI 	Address of  ASIA JAYA LESTARI 	null	9	5	12	4
C000059382	 PT.ANEKAPUTRA PLASMASINDO 	Address of  PT.ANEKAPUTRA PLASMASINDO 	null	9	8	6	3
C000059378	 SHARP CENTER ELEKTRINDO 	Address of  SHARP CENTER ELEKTRINDO 	null	9	9	14	4
C000059372	 PONDOK ELECTRONICS 	Address of  PONDOK ELECTRONICS 	null	9	5	3	1
C000059367	 PUTRA JAYA ELEKTRONIK 	Address of  PUTRA JAYA ELEKTRONIK 	null	9	9	14	4
C000059363	 MULIA ELEKTRONIK-PADANG 	Address of  MULIA ELEKTRONIK-PADANG 	null	9	8	12	4
C000059362	 MULIA ASRI UTAMA 	Address of  MULIA ASRI UTAMA 	null	9	9	12	4
C000059359	 MANDAU JAYA 	Address of  MANDAU JAYA 	null	9	9	14	4
C000059357	 METRON 	Address of  METRON 	null	9	9	18	2
C000059356	 PERDANA-SURABAYA 	Address of  PERDANA-SURABAYA 	null	9	5	18	2
C000059355	 MATARAM 	Address of  MATARAM 	null	9	9	17	1
C000059353	 SONY ELEKTRONIK 	Address of  SONY ELEKTRONIK 	null	9	9	14	4
C000059350	 GOLGON ELEKTRONIK 	Address of  GOLGON ELEKTRONIK 	null	9	9	14	4
C000059349	 PT. DUTA E.FUTURINDO ( DEFO ) 	Address of  PT. DUTA E.FUTURINDO ( DEFO ) 	null	9	9	10	2
C000059348	 UFO BANJARMASIN 	Address of  UFO BANJARMASIN 	null	9	5	3	1
C000059347	 CHANDRA KERTAJAYA 	Address of  CHANDRA KERTAJAYA 	null	9	9	18	2
C000059346	 CHANDRA MATAHARI 	Address of  CHANDRA MATAHARI 	null	9	8	18	2
C000059345	 CHANDRA LARANGAN 	Address of  CHANDRA LARANGAN 	null	9	9	18	2
C000059343	 MEKAR ELECTRONICS 	Address of  MEKAR ELECTRONICS 	null	9	9	3	1
C000059340	 HONGKONG ELEKTRONIK 	Address of  HONGKONG ELEKTRONIK 	null	9	9	14	4
C000059337	 SINGAPURA ELEKTRONIK 	Address of  SINGAPURA ELEKTRONIK 	null	9	9	14	4
C000059336	 BATAM ELEKTRONIK 	Address of  BATAM ELEKTRONIK 	null	9	5	14	4
C000059335	 BATAM CENTRAL ELECTRONIC 	Address of  BATAM CENTRAL ELECTRONIC 	null	9	8	14	4
C000059334	 BATAM JAYA ELEKTRONIK 	Address of  BATAM JAYA ELEKTRONIK 	null	9	9	14	4
C000059328	 TOKO MAEDA 	Address of  TOKO MAEDA 	null	9	9	3	1
C000059324	 TK NUANSA 	Address of  TK NUANSA 	null	9	5	16	1
C000059323	 NUANSA ELEKTRONIK 	Address of  NUANSA ELEKTRONIK 	null	9	5	16	1
C000059322	 SINAR REJEKI 	Address of  SINAR REJEKI 	null	9	9	16	1
C000059320	 PUTRA NIAGA 	Address of  PUTRA NIAGA 	null	9	8	16	1
C000059315	 SAHABAT JAYA SENTOSA (IND) 	Address of  SAHABAT JAYA SENTOSA (IND) 	null	9	8	12	4
C000059314	 UFO MAGELANG 	Address of  UFO MAGELANG 	null	9	5	19	1
C000059312	 SETIA KAWAN (IND) 	Address of  SETIA KAWAN (IND) 	null	9	9	16	1
C000059311	 JIMS 	Address of  JIMS 	null	9	8	16	1
C000059309	 EKA DAYA 	Address of  EKA DAYA 	null	9	5	16	1
C000059301	 PLAZA ELEKTRONIK MALANG 	Address of  PLAZA ELEKTRONIK MALANG 	null	9	8	18	2
C000059299	 PLANET ELEKTRONIK-KENDARI 	Address of  PLANET ELEKTRONIK-KENDARI 	null	9	9	10	2
C000059292	 PATRIOT 	Address of  PATRIOT 	null	9	9	2	1
C000059283	 OEY PWEE LIENG/PD.AMZ 	Address of  OEY PWEE LIENG/PD.AMZ 	null	9	5	5	3
C000059282	 NUSANTARA-MANADO 	Address of  NUSANTARA-MANADO 	null	9	9	11	2
C000059281	 NUHUN 	Address of  NUHUN 	null	9	9	2	1
C000059268	 MULIA ELEKTRONIK 1 	Address of  MULIA ELEKTRONIK 1 	null	9	9	19	1
C000059265	 MODERN 	Address of  MODERN 	null	9	8	17	1
C000059263	 MITRA BULUKUMBA 	Address of  MITRA BULUKUMBA 	null	9	9	10	2
C000059257	 MEGARAYA 	Address of  MEGARAYA 	null	9	9	2	1
C000059248	 MAKASSAR JAYA BARU 	Address of  MAKASSAR JAYA BARU 	null	9	9	10	2
C000059245	 LOTTE MART FESTIVAL CITY LINK 	Address of  LOTTE MART FESTIVAL CITY LINK 	null	8	2	2	1
C000059243	 LOTTE MART MALL GANDARIA CITY 	Address of  LOTTE MART MALL GANDARIA CITY 	null	8	2	7	3
C000059228	 LOTTE MART KELAPA GADING 	Address of  LOTTE MART KELAPA GADING 	null	8	2	7	3
C000059225	 LOTTE MART RATU PLAZA 	Address of  LOTTE MART RATU PLAZA 	null	8	2	7	3
C000059223	 OLYMPIC 	Address of  OLYMPIC 	null	9	9	16	1
C000059222	 LOG IN 	Address of  LOG IN 	null	9	5	2	1
C000059220	 PARIS ELEKTRONIK 	Address of  PARIS ELEKTRONIK 	null	9	4	11	2
C000059212	 SUMBER JAYA-BALIKPAPAN 	Address of  SUMBER JAYA-BALIKPAPAN 	null	9	5	16	1
C000059209	 KOSIPA 	Address of  KOSIPA 	null	9	9	17	1
C000059206	 SURYA MAS 	Address of  SURYA MAS 	null	9	9	6	3
C000059197	 GALAXY ELECTRONIC 	Address of  GALAXY ELECTRONIC 	null	9	8	1	2
C000059191	 JAYA ISTANA 	Address of  JAYA ISTANA 	null	9	5	2	1
C000059183	 IRAMA MAS PEMALANG 	Address of  IRAMA MAS PEMALANG 	null	9	9	17	1
C000059181	 KARTIKA ELEKTRONIK / KARTIKA 2 	Address of  KARTIKA ELEKTRONIK / KARTIKA 2 	null	9	5	1	2
C000059180	 SAMUDRA ELEKTRONIK 	Address of  SAMUDRA ELEKTRONIK 	null	9	9	1	2
C000059179	 INDONESIA JAYA 	Address of  INDONESIA JAYA 	null	9	9	17	1
C000059178	 INDAH JAYA ELECTRONIC, TK.FATMAWATI 	Address of  INDAH JAYA ELECTRONIC, TK.FATMAWATI 	null	9	9	8	3
C000059177	 HORISON 	Address of  HORISON 	null	9	9	1	2
C000059176	 HYPER MART LAMPUNG 	Address of  HYPER MART LAMPUNG 	null	7	1	8	3
C000059175	 HYPER MART EAST C0ST SURABAYA 	Address of  HYPER MART EAST C0ST SURABAYA 	null	9	2	18	2
C000059174	 HYPER MART MADIUN 	Address of  HYPER MART MADIUN 	null	7	2	18	2
C000059173	 HYPER MART CIANJUR 	Address of  HYPER MART CIANJUR 	null	7	2	2	1
C000059172	 HYPER MART PEKALONGAN 	Address of  HYPER MART PEKALONGAN 	null	7	2	17	1
C000059171	 HYPER MART CITY TOMORROW 	Address of  HYPER MART CITY TOMORROW 	null	7	2	18	2
C000059169	 HYPER MART MEGA TRADE CENTER 	Address of  HYPER MART MEGA TRADE CENTER 	null	7	2	11	2
C000059168	 HYPER MART SAMARINDA 	Address of  HYPER MART SAMARINDA 	null	7	2	16	1
C000059167	 HYPER MART PARAGON 	Address of  HYPER MART PARAGON 	null	7	2	17	1
C000059166	 HYPER MART BALIKPAPAN 	Address of  HYPER MART BALIKPAPAN 	null	7	2	16	1
C000059165	 HYPER MART PALLADIUM 	Address of  HYPER MART PALLADIUM 	null	7	2	12	4
C000059164	 HYPER MART BALI 	Address of  HYPER MART BALI 	null	7	2	1	2
C000059163	 HYPER MART MANADO 	Address of  HYPER MART MANADO 	null	7	1	11	2
C000059162	 HYPER MART PAKUWON 	Address of  HYPER MART PAKUWON 	null	7	2	18	2
C000059161	 HYPER MART GTC 	Address of  HYPER MART GTC 	null	7	2	10	2
C000059160	 HYPER MART MIC0 MALL 	Address of  HYPER MART MIC0 MALL 	null	7	2	2	1
C000059159	 HYPER MART GRAND MALL-SOLO 	Address of  HYPER MART GRAND MALL-SOLO 	null	7	2	19	1
C000059158	 HYPER MART PANAKUKANG MALL 	Address of  HYPER MART PANAKUKANG MALL 	null	7	2	10	2
C000059157	 HYPER MART JAVA MALL 	Address of  HYPER MART JAVA MALL 	null	7	2	17	1
C000059156	 HYPER MART PALEMBANG INDAH MALL 	Address of  HYPER MART PALEMBANG INDAH MALL 	null	7	1	13	4
C000059156	 HYPER MART PALEMBANG INDAH MALL 	Address of  HYPER MART PALEMBANG INDAH MALL 	null	7	1	13	4
C000059155	 HYPER MART MEGA MALL 	Address of  HYPER MART MEGA MALL 	null	7	2	4	4
C000059154	 HYPER MART NAGOYA HILL 	Address of  HYPER MART NAGOYA HILL 	null	7	1	4	4
C000059153	 HYPER MART BINJAI SUPERMALL 	Address of  HYPER MART BINJAI SUPERMALL 	null	7	2	12	4
C000059152	 HYPER MART SKA MALL 	Address of  HYPER MART SKA MALL 	null	7	2	14	4
C000059151	 HYPER MART SUN PLAZA 	Address of  HYPER MART SUN PLAZA 	null	7	2	12	4
C000059150	 HYPER MART ROYAL PLAZA 	Address of  HYPER MART ROYAL PLAZA 	null	7	2	18	2
C000059149	 HYPER MART MALANG TOWN SQUARE 	Address of  HYPER MART MALANG TOWN SQUARE 	null	7	2	18	2
C000059148	 HYPER MART BIP 	Address of  HYPER MART BIP 	null	7	2	2	1
C000059147	 HYPER MART METRO INDAH MALL 	Address of  HYPER MART METRO INDAH MALL 	null	7	2	2	1
C000059146	 HYPER MART PEJATEN VILLAGE 	Address of  HYPER MART PEJATEN VILLAGE 	null	7	2	7	3
C000059145	 HYPER MART DUTA MALL 	Address of  HYPER MART DUTA MALL 	null	7	2	3	1
C000059144	 HYPER MART MAYO FIELD MALL 	Address of  HYPER MART MAYO FIELD MALL 	null	7	2	8	3
C000059143	 HYPER MART PONDOK GEDE PLAZA 	Address of  HYPER MART PONDOK GEDE PLAZA 	null	7	1	7	3
C000059142	 HYPER MART PURI PARAGON CITY 	Address of  HYPER MART PURI PARAGON CITY 	null	7	1	7	3
C000059141	 HYPER MART LIPPO CITY 	Address of  HYPER MART LIPPO CITY 	null	7	1	7	3
C000059139	 HYPER MART MALL PURI MATAHARI 	Address of  HYPER MART MALL PURI MATAHARI 	null	7	1	7	3
C000059138	 HYPER MART GRAND MALL-BEKASI 	Address of  HYPER MART GRAND MALL-BEKASI 	null	7	2	7	3
C000059137	 HYPER MART GAJAH MADA PLAZA 	Address of  HYPER MART GAJAH MADA PLAZA 	null	7	2	7	3
C000059136	 HYPER MART BELLANOVA 	Address of  HYPER MART BELLANOVA 	null	7	1	5	3
C000059135	 HYPER MART METROPOLIS TOWN SQUARE 	Address of  HYPER MART METROPOLIS TOWN SQUARE 	null	7	2	7	3
C000059134	 HYPER MART MALL WTC 	Address of  HYPER MART MALL WTC 	null	7	2	7	3
C000059133	 HYPER MART DEPOK TOWN SQUARE 	Address of  HYPER MART DEPOK TOWN SQUARE 	null	7	2	7	3
C000059132	 HYPER MART KELAPA GADING TRADE CENTER 	Address of  HYPER MART KELAPA GADING TRADE CENTER 	null	7	2	7	3
C000059131	 HYPER MART SUPERMALL KARAWACI 	Address of  HYPER MART SUPERMALL KARAWACI 	null	7	1	7	3
C000059130	 HYPER MART JACC 	Address of  HYPER MART JACC 	null	7	2	7	3
C000059129	 HYPER MART CIBUBUR JUNCTION 	Address of  HYPER MART CIBUBUR JUNCTION 	null	7	2	7	3
C000059121	 HENDRA WIJAYA ARIF 	Address of  HENDRA WIJAYA ARIF 	null	9	9	8	3
C000059115	 GUNUNG SARI INTAN MALANG 	Address of  GUNUNG SARI INTAN MALANG 	null	9	9	18	2
C000059114	 GUNUNG SARI INTAN KERTAJAYA 	Address of  GUNUNG SARI INTAN KERTAJAYA 	null	9	8	18	2
C000059111	 GRAHA ELECTRONICS 	Address of  GRAHA ELECTRONICS 	null	9	8	1	2
C000059110	 GLOBAL PANDANARAN 	Address of  GLOBAL PANDANARAN 	null	9	8	17	1
C000059109	 GLOBAL MATARAM 	Address of  GLOBAL MATARAM 	null	9	8	17	1
C000059106	 GIANT DIPONEGORO 	Address of  GIANT DIPONEGORO 	null	6	2	18	2
C000059104	 GIANT PURWAKARTA 	Address of  GIANT PURWAKARTA 	null	6	2	2	1
C000059103	 GIANT CIREBON 	Address of  GIANT CIREBON 	null	6	2	2	1
C000059101	 GIANT CITRA RAYA 	Address of  GIANT CITRA RAYA 	null	6	2	7	3
C000059100	 GIANT PASTEUR 	Address of  GIANT PASTEUR 	null	6	2	2	1
C000059099	 GIANT BSD 	Address of  GIANT BSD 	null	6	2	7	3
C000059098	 GIANT TAMBUN 	Address of  GIANT TAMBUN 	null	6	2	7	3
C000059096	 GIANT PONDOK CHANDRA 	Address of  GIANT PONDOK CHANDRA 	null	6	2	18	2
C000059095	 GIANT MASPION 	Address of  GIANT MASPION 	null	6	2	18	2
C000059093	 GIANT CITY MALL 	Address of  GIANT CITY MALL 	null	6	2	7	3
C000059091	 GIANT WARU 	Address of  GIANT WARU 	null	6	2	18	2
C000059090	 GIANT JATI ASIH 	Address of  GIANT JATI ASIH 	null	6	2	7	3
C000059089	 GIANT WISMA ASRI 	Address of  GIANT WISMA ASRI 	null	6	2	7	3
C000059088	 GIANT PAMULANG SQUARE 	Address of  GIANT PAMULANG SQUARE 	null	6	2	7	3
C000059087	 GIANT BINTARO 	Address of  GIANT BINTARO 	null	6	2	7	3
C000059086	 GIANT MITRA 10 	Address of  GIANT MITRA 10 	null	6	2	7	3
C000059085	 GIANT UJUNG MENTENG 	Address of  GIANT UJUNG MENTENG 	null	6	2	7	3
C000059084	 GIANT JASMIN 	Address of  GIANT JASMIN 	null	6	2	5	3
C000059083	 GIANT BOTANI SQUARE 	Address of  GIANT BOTANI SQUARE 	null	6	2	5	3
C000059082	 GIANT CILEDUG 	Address of  GIANT CILEDUG 	null	6	2	7	3
C000059081	 GIANT VILLA MELATI MAS 	Address of  GIANT VILLA MELATI MAS 	null	6	2	7	3
C000059080	 GIANT KALIBATA PLAZA 	Address of  GIANT KALIBATA PLAZA 	null	6	2	7	3
C000059079	 GIANT CIMANGGIS 	Address of  GIANT CIMANGGIS 	null	6	2	7	3
C000059078	 GIANT PONDOK GEDE 	Address of  GIANT PONDOK GEDE 	null	6	2	7	3
C000059076	 GIANT POINT SQUARE 	Address of  GIANT POINT SQUARE 	null	6	2	7	3
C000059075	 GIANT MEGA MASS MERCHANTMALL BEKASI 	Address of  GIANT MEGA MASS MERCHANTMALL BEKASI 	null	6	2	7	3
C000059074	 GIANT MARGO CITY MALL 	Address of  GIANT MARGO CITY MALL 	null	6	2	7	3
C000059072	 GENTONG MAS 	Address of  GENTONG MAS 	null	9	9	17	1
C000059070	 GANDA RAHARJA/VARIA SUKABUMI 	Address of  GANDA RAHARJA/VARIA SUKABUMI 	null	9	9	5	3
C000059069	 GAMA ELECTRONIC-JAKARTA POLRI 	Address of  GAMA ELECTRONIC-JAKARTA POLRI 	null	9	9	8	3
C000059068	 GAJAH MADA-PEKALONGAN 	Address of  GAJAH MADA-PEKALONGAN 	null	9	9	17	1
C000059064	 BUMI MAS TABANAN 	Address of  BUMI MAS TABANAN 	null	9	8	1	2
C000059063	 BUMI MAS GAJAH MADA 	Address of  BUMI MAS GAJAH MADA 	null	9	9	1	2
C000059061	 FEDERAL 	Address of  FEDERAL 	null	9	9	2	1
C000059059	 FAJAR AIRC0ND 	Address of  FAJAR AIRC0ND 	null	9	9	19	1
C000059057	 ERUTHA DJAYA BULUSARAUNG 	Address of  ERUTHA DJAYA BULUSARAUNG 	null	9	4	10	2
C000059055	 ENGGAL JAYA ELEKTRONIK 	Address of  ENGGAL JAYA ELEKTRONIK 	null	9	9	19	1
C000059051	 ELSHINTA 	Address of  ELSHINTA 	null	9	9	17	1
C000059048	 ELECTRONIC CITY MALL METROPOLITAN BEKASI 	Address of  ELECTRONIC CITY MALL METROPOLITAN BEKASI 	null	4	7	7	3
C000059047	 ELECTRONIC CITY DISC0VERY SHOPPING MALL 	Address of  ELECTRONIC CITY DISC0VERY SHOPPING MALL 	null	4	7	1	2
C000059045	 ELECTRONIC CITY BEKASI SQUARE 	Address of  ELECTRONIC CITY BEKASI SQUARE 	null	4	7	7	3
C000059043	 ELECTRONIC CITY MEDAN FAIR PLAZA 	Address of  ELECTRONIC CITY MEDAN FAIR PLAZA 	null	4	7	12	4
C000059041	 ELECTRONIC CITY MARGO CITY MALL 	Address of  ELECTRONIC CITY MARGO CITY MALL 	null	4	6	7	3
C000059040	 ELECTRONIC CITY SUPERMALL KARAWACI 	Address of  ELECTRONIC CITY SUPERMALL KARAWACI 	null	4	6	7	3
C000059039	 ELECTRONIC CITY BOTANI SQUARE 	Address of  ELECTRONIC CITY BOTANI SQUARE 	null	4	6	5	3
C000059038	 ELECTRONIC CITY MALL ARTHA GADING 	Address of  ELECTRONIC CITY MALL ARTHA GADING 	null	4	6	7	3
C000059037	 ELECTRONIC CITY SCBD 	Address of  ELECTRONIC CITY SCBD 	null	4	6	7	3
C000059036	 ELECTRONIC CITY PURI INDAH MALL 	Address of  ELECTRONIC CITY PURI INDAH MALL 	null	4	7	7	3
C000059034	 ELECTRONIC SOLUTION FESTIVAL CITY LINK 	Address of  ELECTRONIC SOLUTION FESTIVAL CITY LINK 	null	5	7	2	1
C000059032	 ELECTRONIC SOLUTION LIVING WORLD ALAM SUTERA 	Address of  ELECTRONIC SOLUTION LIVING WORLD ALAM SUTERA 	null	5	6	7	3
C000059031	 ELECTRONIC SOLUTION MALL OF INDONESIA 	Address of  ELECTRONIC SOLUTION MALL OF INDONESIA 	null	5	7	7	3
C000059030	 ELECTRONIC SOLUTION DEPOK MALL 	Address of  ELECTRONIC SOLUTION DEPOK MALL 	null	5	7	7	3
C000059029	 ELECTRONIC SOLUTION MALL GANDARIA CITY 	Address of  ELECTRONIC SOLUTION MALL GANDARIA CITY 	null	5	6	7	3
C000059028	 ELECTRONIC SOLUTION LIPPO CITY 	Address of  ELECTRONIC SOLUTION LIPPO CITY 	null	5	7	7	3
C000059026	 ELECTRONIC SOLUTION TERAS KOTA 	Address of  ELECTRONIC SOLUTION TERAS KOTA 	null	5	7	7	3
C000059019	 ELECTRONIC SOLUTION MITRA 10 	Address of  ELECTRONIC SOLUTION MITRA 10 	null	5	7	7	3
C000059018	 ELECTRONIC SOLUTION MALL TAMAN ANGGREK 	Address of  ELECTRONIC SOLUTION MALL TAMAN ANGGREK 	null	5	6	7	3
C000059017	 ELECTRONIC SOLUTION IP 	Address of  ELECTRONIC SOLUTION IP 	null	5	7	2	1
C000059016	 ELECTRONIC SOLUTION BANDUNG INDAH PLAZA 	Address of  ELECTRONIC SOLUTION BANDUNG INDAH PLAZA 	null	5	7	2	1
C000059015	 ELECTRONIC SOLUTION PANAKUKANG MAS 	Address of  ELECTRONIC SOLUTION PANAKUKANG MAS 	null	5	7	10	2
C000059014	 ELECTRONIC SOLUTION SKA MALL 	Address of  ELECTRONIC SOLUTION SKA MALL 	null	5	7	14	4
C000059011	 ELECTRONIC SOLUTION PEJATEN VILLAGE 	Address of  ELECTRONIC SOLUTION PEJATEN VILLAGE 	null	5	7	7	3
C000059010	 ELECTRONIC SOLUTION EMPORIUM PLUIT 	Address of  ELECTRONIC SOLUTION EMPORIUM PLUIT 	null	5	6	7	3
C000059009	 ELECTRONIC SOLUTION CIBUBUR JUNCTION 	Address of  ELECTRONIC SOLUTION CIBUBUR JUNCTION 	null	5	7	7	3
C000059007	 ELECTRONIC SOLUTION MEGA MASS MERCHANTMALL BEKASI 	Address of  ELECTRONIC SOLUTION MEGA MASS MERCHANTMALL BEKASI 	null	5	6	7	3
C000059005	 ELECTRONIC SOLUTION POINT SQUARE 	Address of  ELECTRONIC SOLUTION POINT SQUARE 	null	5	7	7	3
C000059004	 ELECTRONIC SOLUTION SEMANGGI PLAZA 	Address of  ELECTRONIC SOLUTION SEMANGGI PLAZA 	null	5	7	7	3
C000058999	 EDISON TANGERANG TK. 	Address of  EDISON TANGERANG TK. 	null	9	9	8	3
C000058992	 DUNIA 	Address of  DUNIA 	null	9	9	10	2
C000058985	 DAMAI 	Address of  DAMAI 	null	9	9	10	2
C000058983	 CV.VARIA GEMILANG PERKASA 	Address of  CV.VARIA GEMILANG PERKASA 	null	9	9	10	2
C000058982	 MEMORY ELECTRONICS 	Address of  MEMORY ELECTRONICS 	null	9	5	12	4
C000058979	 CV.SUMBER JAYA ELEKTRO 	Address of  CV.SUMBER JAYA ELEKTRO 	null	9	9	8	3
C000058976	 Tk.SUMATERA ACEH 1 	Address of  Tk.SUMATERA ACEH 1 	null	9	9	12	4
C000058973	 STAR 	Address of  STAR 	null	9	9	17	1
C000058971	 ROBINSON ELECTRONIC-MEDAN 	Address of  ROBINSON ELECTRONIC-MEDAN 	null	9	9	12	4
C000058964	 MIAMI 	Address of  MIAMI 	null	9	8	18	2
C000058959	 LIA 	Address of  LIA 	null	9	9	12	4
C000058955	 PUTRA WAHYU 	Address of  PUTRA WAHYU 	null	9	9	12	4
C000058951	 CHANDRA SUPERSTAR 	Address of  CHANDRA SUPERSTAR 	null	9	9	8	3
C000058949	 BINTANG MUTIARA 	Address of  BINTANG MUTIARA 	null	9	9	12	4
C000058943	 CV.BERKAT USAHA MANDIRI 	Address of  CV.BERKAT USAHA MANDIRI 	null	9	9	5	3
C000058941	 BANDUNG ELEKTRONIK HAYAMWURUK 	Address of  BANDUNG ELEKTRONIK HAYAMWURUK 	null	9	8	18	2
C000058935	 MS 	Address of  MS 	null	9	9	3	1
C000058934	 SONY ELECTRONIC BANDA ACEH 	Address of  SONY ELECTRONIC BANDA ACEH 	null	9	9	12	4
C000058933	 SINAR ELECTRONICS 	Address of  SINAR ELECTRONICS 	null	9	8	12	4
C000058932	 SINAR-TEGAL 	Address of  SINAR-TEGAL 	null	9	9	17	1
C000058928	 TK. NAGOYA ELEKTRONIK 	Address of  TK. NAGOYA ELEKTRONIK 	null	9	9	14	4
C000058919	 CV. BENUA 	Address of  CV. BENUA 	null	9	9	11	2
C000058909	 CV. PHILLIP ANTHONY - SENTRAL MANADO 	Address of  CV. PHILLIP ANTHONY - SENTRAL MANADO 	null	9	8	11	2
C000058906	 KARYA PUTRA MANDIRI 	Address of  KARYA PUTRA MANDIRI 	null	9	9	16	1
C000058905	 DONY 	Address of  DONY 	null	9	9	16	1
C000058904	 HEBAT ELEKTRONIK 	Address of  HEBAT ELEKTRONIK 	null	9	9	19	1
C000058903	 DINASTY 	Address of  DINASTY 	null	9	3	16	1
C000058901	34	Address of 34	null	9	9	19	1
C000058863	 CENTURY 	Address of  CENTURY 	null	9	9	2	1
C000058862	 CENTRO ELEKTRONIK 	Address of  CENTRO ELEKTRONIK 	null	9	9	10	2
C000058861	 CENTRAL TASIKMALAYA 	Address of  CENTRAL TASIKMALAYA 	null	9	9	2	1
C000058860	 CENTRAL JAYA ELECTRONIC 	Address of  CENTRAL JAYA ELECTRONIC 	null	9	8	17	1
C000058856	 CARREFOUR PEKALONGAN 	Address of  CARREFOUR PEKALONGAN 	null	2	2	17	1
C000058855	 CARREFOUR TRANS MAKASSAR 	Address of  CARREFOUR TRANS MAKASSAR 	null	2	2	10	2
C000058854	 CARREFOUR SRONDOL 	Address of  CARREFOUR SRONDOL 	null	2	2	17	1
C000058853	 CARREFOUR ITC 	Address of  CARREFOUR ITC 	null	2	2	18	2
C000058852	 CARREFOUR BG JUNCTION 	Address of  CARREFOUR BG JUNCTION 	null	2	2	18	2
C000058851	 CARREFOUR SEASON CITY 	Address of  CARREFOUR SEASON CITY 	null	2	2	7	3
C000058850	 CARREFOUR DENPASAR 	Address of  CARREFOUR DENPASAR 	null	2	1	1	2
C000058849	 CARREFOUR PANAKUKANG MAS 	Address of  CARREFOUR PANAKUKANG MAS 	null	2	2	10	2
C000058848	 CARREFOUR PALEMBANG SQUARE 	Address of  CARREFOUR PALEMBANG SQUARE 	null	2	2	13	4
C000058847	 CARREFOUR CITRA GARDEN 	Address of  CARREFOUR CITRA GARDEN 	null	2	2	12	4
C000058846	 CARREFOUR MEDAN FAIR PLAZA 	Address of  CARREFOUR MEDAN FAIR PLAZA 	null	2	1	12	4
C000058845	 CARREFOUR AMBARUKMO PLAZA 	Address of  CARREFOUR AMBARUKMO PLAZA 	null	2	2	19	1
C000058844	 CARREFOUR GOLDEN CITY MALL 	Address of  CARREFOUR GOLDEN CITY MALL 	null	2	2	18	2
C000058843	 CARREFOUR DP MALL 	Address of  CARREFOUR DP MALL 	null	2	2	17	1
C000058842	 CARREFOUR KIARA C0NDONG 	Address of  CARREFOUR KIARA C0NDONG 	null	2	2	2	1
C000058841	 CARREFOUR PARIS VAN JAVA 	Address of  CARREFOUR PARIS VAN JAVA 	null	2	2	2	1
C000058840	 CARREFOUR SERANG 	Address of  CARREFOUR SERANG 	null	2	2	8	3
C000058839	 CARREFOUR CENTRAL PARK 	Address of  CARREFOUR CENTRAL PARK 	null	2	1	7	3
C000058838	 CARREFOUR EMPORIUM PLUIT 	Address of  CARREFOUR EMPORIUM PLUIT 	null	2	2	7	3
C000058837	 CARREFOUR BLOK M 	Address of  CARREFOUR BLOK M 	null	2	2	7	3
C000058836	 CARREFOUR CIPUTAT 	Address of  CARREFOUR CIPUTAT 	null	2	2	7	3
C000058835	 CARREFOUR BEKASI SQUARE 	Address of  CARREFOUR BEKASI SQUARE 	null	2	2	7	3
C000058834	 CARREFOUR BUARAN 	Address of  CARREFOUR BUARAN 	null	2	2	7	3
C000058831	 CARREFOUR CBD CILEDUG 	Address of  CARREFOUR CBD CILEDUG 	null	2	2	7	3
C000058830	 CARREFOUR CIBINONG 	Address of  CARREFOUR CIBINONG 	null	2	2	5	3
C000058829	 CARREFOUR MTH CAWANG 	Address of  CARREFOUR MTH CAWANG 	null	2	1	7	3
C000058828	 CARREFOUR ITC DEPOK 	Address of  CARREFOUR ITC DEPOK 	null	2	1	7	3
C000058827	 CARREFOUR MANGGA DUA SQUARE 	Address of  CARREFOUR MANGGA DUA SQUARE 	null	2	2	7	3
C000058826	 CARREFOUR TAMINI SQUARE 	Address of  CARREFOUR TAMINI SQUARE 	null	2	1	7	3
C000058825	 CARREFOUR BLUE MALL 	Address of  CARREFOUR BLUE MALL 	null	2	2	7	3
C000058824	 CARREFOUR CIKARANG 	Address of  CARREFOUR CIKARANG 	null	2	2	7	3
C000058823	 CARREFOUR ITC CEMPAKA MAS 	Address of  CARREFOUR ITC CEMPAKA MAS 	null	2	1	7	3
C000058822	 CARREFOUR CEMPAKA PUTIH 	Address of  CARREFOUR CEMPAKA PUTIH 	null	2	1	7	3
C000058821	 CARREFOUR ITC KUNINGAN 	Address of  CARREFOUR ITC KUNINGAN 	null	2	2	7	3
C000058820	 CARREFOUR ITC PERMATA HIJAU 	Address of  CARREFOUR ITC PERMATA HIJAU 	null	2	2	7	3
C000058819	 CARREFOUR PURI INDAH 	Address of  CARREFOUR PURI INDAH 	null	2	1	7	3
C000058818	 CARREFOUR ITC BSD 	Address of  CARREFOUR ITC BSD 	null	2	1	7	3
C000058817	 CARREFOUR MALL OF INDONESIA 	Address of  CARREFOUR MALL OF INDONESIA 	null	2	2	7	3
C000058816	 CARREFOUR DUTA MERLIN 	Address of  CARREFOUR DUTA MERLIN 	null	2	2	7	3
C000058815	 CARREFOUR KRAMAT JATI 	Address of  CARREFOUR KRAMAT JATI 	null	2	2	7	3
C000058814	 CARREFOUR TAMAN PALEM 	Address of  CARREFOUR TAMAN PALEM 	null	2	2	7	3
C000058812	 CARREFOUR LEBAK BULUS 	Address of  CARREFOUR LEBAK BULUS 	null	2	1	7	3
C000058809	 SUMBER MAS ELEKTRONIK 	Address of  SUMBER MAS ELEKTRONIK 	null	9	9	16	1
C000058805	 CAHAYA RIA, TK. 	Address of  CAHAYA RIA, TK. 	null	9	9	6	3
C000058797	 BILLY ELECTRONIC, TK. 	Address of  BILLY ELECTRONIC, TK. 	null	9	9	8	3
C000058796	 BEST DENKI CITRA LAND 	Address of  BEST DENKI CITRA LAND 	null	1	7	7	3
C000058795	 BEST DENKI PLUIT VILLAGE 	Address of  BEST DENKI PLUIT VILLAGE 	null	1	7	7	3
C000058792	 BEST DENKI GRAND INDONESIA 	Address of  BEST DENKI GRAND INDONESIA 	null	1	6	7	3
C000058791	 BEST DENKI CENTRAL PARK 	Address of  BEST DENKI CENTRAL PARK 	null	1	6	7	3
C000058789	 BEST DENKI PACIFIC PLACE MALL 	Address of  BEST DENKI PACIFIC PLACE MALL 	null	1	6	7	3
C000058787	 BEST DENKI MALL KELAPA GADING 5 	Address of  BEST DENKI MALL KELAPA GADING 5 	null	1	6	7	3
C000058786	 BEST DENKI SENAYAN CITY 	Address of  BEST DENKI SENAYAN CITY 	null	1	6	7	3
C000058784	 BERKAT ELEKTRONIK 	Address of  BERKAT ELEKTRONIK 	null	9	8	19	1
C000058783	 BERKAH JAYA-PEKALONGAN 	Address of  BERKAH JAYA-PEKALONGAN 	null	9	9	17	1
C000058782	 PRATAMA 58 	Address of  PRATAMA 58 	null	9	9	18	2
C000058780	 BENTENG 	Address of  BENTENG 	null	9	9	2	1
C000058779	 BASUKI LESMANA 	Address of  BASUKI LESMANA 	null	9	5	5	3
C000058764	 NASIONAL-JEMBER 	Address of  NASIONAL-JEMBER 	null	9	9	18	2
C000058752	 GEFO ELEKTRONIKCITRA  ELEKTRONIK 	Address of  GEFO ELEKTRONIKCITRA  ELEKTRONIK 	null	9	9	19	1
C000058747	 ALASKA 	Address of  ALASKA 	null	9	5	10	2
C000058746	 ALAM RIA 	Address of  ALAM RIA 	null	9	9	2	1
C000058741	 SINAR BERLIAN TABERNAKEL 	Address of  SINAR BERLIAN TABERNAKEL 	null	9	8	5	3
C000058740	 PRIMADONA 	Address of  PRIMADONA 	null	9	9	1	2
C000058732	 AETRON (SEROJA) 	Address of  AETRON (SEROJA) 	null	9	8	17	1
C000058731	 ADA SETIABUDI 	Address of  ADA SETIABUDI 	null	9	9	17	1
C000058727	 A. TAKRIB KYAI MOJO 	Address of  A. TAKRIB KYAI MOJO 	null	9	5	19	1
Z_ERROR01	 RUDY JAYA ELEKTRONIK 	Address of  RUDY JAYA ELEKTRONIK 	null	9	9	10	2
Z_ERROR02	 ELECTRONIC CITY UJUNG MENTENG 	Address of  ELECTRONIC CITY UJUNG MENTENG 	null	4	7	7	3
Z_ERROR03	 HYPER MART CIKARANG ORANGE 	Address of  HYPER MART CIKARANG ORANGE 	null	7	2	7	3
Z_ERROR04	 HYPER MART CYBERPARK KARAWACI 	Address of  HYPER MART CYBERPARK KARAWACI 	null	7	2	7	3
Z_ERROR05	 CV. FOCUS (ORANGE) 	Address of  CV. FOCUS (ORANGE) 	null	9	9	16	1



